index,rank,rank-no,player_id,core_shots,core_goals,core_saves,core_assists,core_shooting_percentage,boost_bpm,boost_amount_used_while_supersonic,boost_count_collected_small,boost_count_collected_big,boost_percent_zero_boost,boost_percent_boost_0_25,boost_percent_full_boost,boost_count_stolen_big,movement_avg_speed_percentage,movement_percent_supersonic_speed,movement_percent_ground,movement_percent_low_air,movement_percent_high_air,positioning_percent_most_back,positioning_percent_most_forward,positioning_percent_closest_to_ball,positioning_percent_farthest_from_ball,positioning_percent_behind_ball,positioning_percent_infront_ball,positioning_percent_defensive_third,positioning_percent_neutral_third,positioning_percent_offensive_third,demo_inflicted,demo_taken,playstyle
0,supersonic-legend,22,7.66E+16,0.618,23.333,0.344,28.333,21.999,356.4,43.519,11.873,3.167,7.9,24.127,22.739,0.579,64.691,14.672,49.775,42.191,8.033,34.606,34.162,31.889,38.086,74.061,25.938,42.876,32.911,24.212,0.057,0.146,freestyler
1,supersonic-legend,22,7.66E+16,0.739,31.481,0.26,35.185,21.666,425.3,85.28,10.88,4.22,13.372,39.133,12.039,0.7,69.956,18.583,51.997,39.875,8.126,32.437,36.097,36.947,29.935,71.293,28.706,44.052,32.211,23.735,0.14,0.1,freestyler
2,supersonic-legend,22,7.66E+16,0.534,27.0,0.234,42.666,18.333,397.1,46.195,13.443,3.799,9.166,28.595,13.864,0.614,67.16,16.219,52.867,40.016,7.116,37.884,30.117,33.829,33.01,74.734,25.265,50.78,31.499,17.719,0.294,0.214,defender
3,supersonic-legend,22,7.66E+16,0.514,27.777,0.263,16.666,22.499,471.5,67.659,10.886,4.375,18.159,40.674,8.941,1.018,67.695,15.149,53.634,39.905,6.459,30.287,36.811,33.268,32.203,67.487,32.512,42.696,33.557,23.745,0.15,0.213,enforcer
4,supersonic-legend,22,7.66E+16,0.56,35.833,0.2,35.0,23.19,448.4,68.18,14.639,4.0,13.457,41.942,7.662,0.859,67.865,19.033,48.823,44.232,6.943,32.779,33.513,35.445,30.987,71.829,28.17,44.601,32.892,22.506,0.12,0.12,ball_chaser
5,supersonic-legend,22,cf78e7f3566c440192a2b2dd4d957cdb,0.38,22.222,0.387,37.962,25.357,461.1,76.2,14.971,3.795,15.687,39.698,8.958,0.61,69.573,18.753,55.187,38.86,5.952,40.698,26.295,28.788,38.068,75.973,24.026,49.851,32.72,17.428,0.324,0.222,defender
6,supersonic-legend,22,7.66E+16,0.393,43.333,0.209,20.0,36.666,374.7,36.578,11.216,3.417,11.427,37.725,9.628,0.292,63.56,11.048,54.726,37.273,7.999,38.929,30.456,30.543,38.35,73.204,26.795,51.467,32.869,15.662,0.232,0.252,freestyler
7,supersonic-legend,22,7.66E+16,0.541,66.296,0.22,13.888,48.5,379.9,51.89,12.0,3.729,12.558,30.175,12.459,0.449,65.547,13.734,53.36,40.71,5.928,36.08,32.655,34.733,32.304,74.44,25.559,51.922,30.107,17.97,0.299,0.133,striker
8,supersonic-legend,22,7.66E+16,0.416,25.0,0.154,40.0,14.166,422.1,80.371,12.018,4.013,16.366,39.551,15.492,0.599,67.839,16.761,60.421,33.472,6.105,30.428,37.089,33.326,33.39,67.709,32.29,45.297,35.787,18.915,0.388,0.089,enforcer
9,supersonic-legend,22,7.66E+16,0.731,52.592,0.202,30.185,31.023,379.3,47.375,11.648,3.254,7.857,32.843,7.584,0.522,64.308,10.827,55.13,37.795,7.074,35.153,30.933,34.044,32.133,72.11,27.889,48.06,30.937,21.002,0.271,0.306,striker
10,supersonic-legend,22,7.66E+16,0.736,27.777,0.288,25.0,18.166,475.5,82.835,11.914,4.737,15.963,38.689,7.209,0.952,70.643,22.633,51.489,40.391,8.119,33.772,36.728,32.691,37.055,71.461,28.538,43.849,31.599,24.551,0.214,0.288,freestyler
12,supersonic-legend,22,7.66E+16,0.763,50.666,0.246,22.0,43.777,381.4,37.036,11.196,3.757,9.816,31.063,13.814,0.904,68.734,15.344,48.886,44.387,6.726,30.881,36.952,38.048,29.279,71.769,28.23,48.972,28.972,22.054,0.255,0.129,ball_chaser
13,supersonic-legend,22,bebb996b68284b54acfc06418d150f19,0.351,29.0,0.388,23.5,56.666,399.3,60.31,10.536,4.273,8.724,24.135,15.183,0.694,69.73,18.206,49.678,44.357,5.963,37.129,30.977,31.969,35.248,75.245,24.754,51.805,30.05,18.144,0.196,0.157,defender
14,supersonic-legend,22,7.66E+16,0.773,34.0,0.302,23.5,32.638,424.3,56.389,13.502,4.125,10.841,32.276,10.93,0.728,69.826,17.458,53.832,38.826,7.34,29.631,35.919,38.759,28.228,72.796,27.203,47.064,30.847,22.088,0.233,0.076,ball_chaser
17,supersonic-legend,22,7.66E+16,0.582,67.222,0.174,12.222,62.999,428.8,84.71,10.813,4.898,7.82,32.431,17.588,0.971,71.739,20.144,50.934,42.041,7.023,32.592,33.39,34.91,32.124,67.456,32.543,46.528,31.37,22.101,0.14,0.122,striker
18,supersonic-legend,22,7.66E+16,0.639,52.777,0.363,17.592,23.499,353.5,37.987,12.895,3.556,7.274,25.466,15.999,0.598,65.052,13.738,53.469,38.934,7.596,34.021,32.066,36.308,30.476,73.643,26.356,47.597,30.995,21.406,0.163,0.223,freestyler
19,supersonic-legend,22,7.66E+16,0.4,62.5,0.42,7.5,64.999,342.9,43.26,10.48,3.56,7.808,28.478,18.879,0.539,65.273,14.838,55.531,38.5,5.968,37.558,31.633,32.309,35.89,69.196,30.803,53.994,29.96,16.044,0.2,0.16,defender
20,supersonic-legend,22,7.66E+16,0.485,51.0,0.231,13.0,57.499,445.9,111.233,15.059,3.91,8.382,26.385,9.843,0.558,72.791,24.511,58.624,36.558,4.817,40.258,26.978,30.816,34.465,78.105,21.894,52.332,29.428,18.238,0.208,0.259,defender
22,supersonic-legend,22,7.66E+16,0.871,55.0,0.585,20.833,27.547,449.3,115.406,11.751,4.462,10.336,34.139,9.807,0.657,72.939,25.545,56.59,36.438,6.971,32.965,33.844,37.484,30.022,74.346,25.653,49.429,30.009,20.56,0.262,0.248,ball_chaser
24,supersonic-legend,22,7.66E+16,0.537,26.666,0.402,40.833,30.5,426.0,71.86,14.443,4.155,12.113,36.702,10.907,0.728,67.386,16.743,50.253,41.987,7.758,31.569,35.079,37.545,29.653,69.99,30.009,49.073,29.843,21.082,0.108,0.199,ball_chaser
25,supersonic-legend,22,7.66E+16,0.73,40.0,0.342,17.5,31.666,451.6,86.102,10.297,4.873,13.24,33.974,10.797,1.134,70.078,19.435,53.199,39.26,7.54,31.512,35.418,34.261,32.959,66.785,33.214,40.8,32.228,26.97,0.19,0.099,enforcer
26,supersonic-legend,22,7.66E+16,0.665,57.5,0.451,15.0,26.666,439.9,61.444,12.142,4.142,10.15,36.011,9.858,0.885,66.343,15.28,59.098,34.999,5.901,34.661,29.512,33.62,32.069,68.39,31.609,44.253,32.99,22.755,0.263,0.1,enforcer
27,supersonic-legend,22,7.66E+16,0.283,26.25,0.32,30.0,20.833,359.0,41.331,11.982,3.476,7.831,25.855,14.276,0.546,67.147,15.393,54.656,38.21,7.133,37.266,29.721,29.625,36.172,70.34,29.659,48.95,33.698,17.35,0.2,0.195,defender
28,supersonic-legend,22,7.66E+16,0.727,49.444,0.379,20.555,40.261,363.4,45.604,13.544,3.914,8.358,26.796,11.068,0.638,67.852,15.091,55.018,37.984,6.997,35.664,30.71,32.709,35.443,75.277,24.722,47.278,34.268,18.452,0.291,0.216,striker
29,supersonic-legend,22,7.66E+16,0.737,39.0,0.199,23.333,34.833,405.9,38.727,11.115,3.941,16.532,38.566,9.984,0.795,67.256,13.985,50.366,44.607,5.026,26.34,40.961,33.676,34.382,65.833,34.166,44.751,31.783,23.465,0.278,0.239,enforcer
30,grand-champion-3,21,7.66E+16,0.974,54.166,0.341,12.5,38.19,442.7,43.047,12.629,4.368,10.916,36.383,14.081,0.973,70.66,18.75,46.557,45.481,7.96,35.054,31.964,32.895,33.199,70.849,29.15,45.043,32.767,22.188,0.068,0.253,striker
31,grand-champion-3,21,7.66E+16,0.749,30.833,0.236,27.5,38.499,411.4,55.25,10.424,3.926,15.511,38.319,7.899,0.58,69.086,16.405,51.356,42.987,5.655,36.188,31.657,31.755,37.403,71.502,28.497,47.448,31.079,21.471,0.235,0.168,defender
32,grand-champion-3,21,7.66E+16,0.512,15.0,0.188,48.333,17.666,404.3,47.619,8.834,3.847,18.858,41.742,10.956,0.841,67.369,14.866,46.813,44.748,8.437,29.116,35.279,34.314,29.505,67.866,32.133,42.686,32.635,24.677,0.108,0.088,freestyler
33,grand-champion-3,21,7.66E+16,0.312,31.851,0.403,17.592,61.666,404.5,51.093,10.885,4.497,10.294,37.467,11.016,0.472,66.856,14.362,52.97,38.302,8.726,43.493,24.572,32.491,35.107,74.538,25.461,52.677,30.531,16.791,0.096,0.136,defender
35,grand-champion-3,21,1e7054842bd54f75b9c6ff3320ac8f30,0.382,19.629,0.15,35.185,47.499,318.0,29.35,9.756,3.461,10.811,29.513,9.233,0.77,63.878,9.678,60.198,34.158,5.643,27.371,37.044,31.252,32.862,64.349,35.65,42.935,35.01,22.053,0.152,0.332,playmaker
36,grand-champion-3,21,4dacf92b044847ccbab7071e365a6940,0.836,35.833,0.257,14.166,23.333,295.0,24.394,8.143,2.344,5.655,48.458,5.592,0.197,67.413,8.687,54.799,40.786,4.413,34.315,30.444,37.582,28.215,76.132,23.867,47.619,30.316,22.064,0.08,0.26,ball_chaser
37,grand-champion-3,21,7.66E+16,0.528,41.666,0.217,15.833,52.833,422.5,85.868,14.157,4.071,12.399,37.619,9.499,0.58,70.943,20.844,55.71,37.56,6.729,36.299,30.821,30.279,36.64,70.951,29.048,48.108,32.168,19.723,0.211,0.257,defender
38,grand-champion-3,21,7.66E+16,0.56,35.833,0.2,35.0,23.19,448.4,68.18,14.639,4.0,13.457,41.942,7.662,0.859,67.865,19.033,48.823,44.232,6.943,32.779,33.513,35.445,30.987,71.829,28.17,44.601,32.892,22.506,0.12,0.12,playmaker
39,grand-champion-3,21,7.66E+16,0.492,39.814,0.191,23.148,34.0,345.3,60.375,11.18,3.171,13.369,34.55,10.437,0.646,68.913,18.097,57.598,37.327,5.074,33.076,33.358,30.858,35.259,70.319,29.68,49.255,29.647,21.096,0.314,0.217,enforcer
40,grand-champion-3,21,7.66E+16,0.578,30.666,0.283,50.166,22.499,446.5,94.948,12.234,4.102,19.232,42.74,7.214,0.751,71.213,20.893,56.461,38.292,5.245,35.409,30.752,32.853,32.798,76.089,23.91,48.444,33.355,18.199,0.232,0.118,playmaker
41,grand-champion-3,21,7.66E+16,0.637,32.407,0.394,21.296,28.5,497.6,96.222,13.364,4.853,15.025,35.458,11.209,1.011,72.613,26.937,50.581,42.675,6.742,36.532,32.067,33.021,37.442,73.586,26.413,46.319,30.395,23.285,0.428,0.194,defender
42,grand-champion-3,21,7.66E+16,0.71,52.333,0.394,27.166,44.999,362.3,53.318,10.155,3.47,10.925,30.478,13.816,0.49,67.169,16.095,56.7,37.184,6.115,29.948,31.962,35.641,26.8,70.994,29.005,49.712,29.243,21.043,0.11,0.159,striker
43,grand-champion-3,21,45c8410f114446a1ba02fdf3f5f36099,0.39,14.583,0.41,31.25,11.666,379.9,75.117,12.788,3.155,12.413,41.384,6.83,0.5,65.526,13.903,60.819,35.184,3.995,38.385,30.302,31.191,35.112,75.603,24.396,49.302,31.1,19.596,0.19,0.28,defender
44,grand-champion-3,21,99008469cb5f42f59794da9df94be145,0.808,30.333,0.451,29.666,32.499,390.5,60.699,15.789,4.465,6.56,23.528,18.655,0.997,71.847,20.36,51.616,41.774,6.609,30.195,37.092,35.765,32.857,70.895,29.104,46.807,29.487,23.705,0.193,0.086,ball_chaser
45,grand-champion-3,21,7.66E+16,0.525,21.666,0.355,16.666,25.333,392.1,35.439,16.249,2.822,12.656,39.755,5.132,0.349,65.482,11.352,50.008,44.343,5.648,37.285,30.181,31.84,36.621,74.571,25.428,49.165,32.478,18.355,0.152,0.181,defender
46,grand-champion-3,21,6a94cff104574a8a8d309c4f13d6883e,0.666,35.833,0.286,25.0,38.5,425.2,75.84,11.863,3.819,22.281,49.865,7.366,0.734,71.13,19.552,52.12,42.245,5.633,30.739,37.167,34.572,31.248,69.329,30.67,43.469,31.263,25.267,0.149,0.174,enforcer
48,grand-champion-3,21,033b8fdbeff9479d9f755cf72a2b86e9,0.366,25.833,0.408,50.833,27.5,416.0,58.43,13.537,3.671,9.68,32.869,7.748,0.879,65.891,13.257,54.725,39.092,6.181,28.704,37.324,37.085,31.846,69.14,30.859,44.927,32.07,23.001,0.191,0.157,playmaker
49,grand-champion-3,21,7.66E+16,0.66,40.416,0.226,27.083,41.333,425.0,73.721,11.296,3.879,16.673,44.821,7.39,0.923,68.708,15.568,54.711,38.746,6.541,26.583,35.877,36.424,29.716,67.263,32.736,41.149,34.448,24.402,0.259,0.219,enforcer
50,grand-champion-3,21,7.66E+16,0.63,44.0,0.369,26.166,30.333,435.7,82.079,14.796,3.846,14.823,43.305,7.919,0.502,71.517,21.615,53.057,40.318,6.623,35.24,31.298,35.652,30.813,73.03,26.969,49.79,29.609,20.6,0.162,0.214,ball_chaser
51,grand-champion-3,21,7.66E+16,0.411,9.583,0.299,37.916,12.5,399.5,88.355,12.412,3.545,15.881,39.051,7.965,0.623,68.934,20.615,53.45,41.466,5.083,41.081,28.939,27.98,40.603,72.228,27.771,48.553,31.936,19.509,0.285,0.209,defender
52,grand-champion-3,21,7.66E+16,0.56,31.851,0.26,30.0,33.333,365.9,57.0,9.1,3.66,10.233,26.007,16.989,0.799,66.3,15.291,54.099,37.842,8.058,38.869,27.615,32.988,34.644,77.718,22.281,50.055,29.512,20.432,0.219,0.1,freestyler
53,grand-champion-3,21,7.66E+16,0.839,48.333,0.239,10.0,27.976,416.1,36.415,10.63,5.015,7.706,29.278,14.158,1.019,74.052,25.026,44.102,46.594,9.302,30.956,35.574,32.282,35.557,70.539,29.46,41.425,30.562,28.012,0.239,0.2,freestyler
54,grand-champion-3,21,7.66E+16,0.443,18.333,0.307,10.0,23.333,374.5,47.918,10.451,3.94,10.666,27.783,17.969,0.571,68.147,19.119,50.874,43.491,5.634,38.171,28.611,31.959,31.413,75.779,24.22,47.889,31.781,20.328,0.151,0.215,defender
56,grand-champion-3,21,7.66E+16,0.588,62.962,0.294,9.259,39.499,420.9,60.278,10.108,4.541,10.443,34.176,16.367,0.745,66.286,15.177,54.777,37.647,7.575,33.492,34.399,34.026,34.386,68.461,31.538,47.864,31.998,20.137,0.317,0.097,enforcer
58,grand-champion-3,21,7.66E+16,0.747,38.333,0.139,35.0,17.666,390.3,45.021,12.675,3.499,13.01,40.848,10.739,0.915,68.313,15.254,51.021,40.686,8.291,29.21,37.323,33.061,34.52,67.263,32.736,45.805,30.608,23.585,0.39,0.192,enforcer
59,grand-champion-3,21,7.66E+16,0.765,61.666,0.289,15.0,39.357,442.2,80.997,12.121,4.245,14.313,34.934,11.138,0.782,70.686,20.829,53.219,40.826,5.954,33.581,35.058,32.752,36.303,71.449,28.55,43.979,32.111,23.908,0.148,0.13,striker
60,grand-champion-2,20,7.66E+16,0.666,65.0,0.275,13.333,44.333,401.6,65.671,11.725,4.169,12.921,37.09,12.136,0.693,70.986,21.488,51.374,40.915,7.709,36.026,32.142,33.265,32.886,73.415,26.584,49.708,30.936,19.355,0.08,0.193,freestyler
61,grand-champion-2,20,7.66E+16,0.297,10.833,0.265,31.666,15.833,359.7,67.968,12.151,3.558,7.458,25.754,12.68,0.813,68.2,18.053,53.906,39.022,7.071,31.712,35.709,34.913,34.191,68.685,31.314,49.845,28.955,21.198,0.14,0.25,playmaker
62,grand-champion-2,20,7.66E+16,0.851,54.166,0.336,27.5,34.499,430.5,82.718,15.198,4.078,8.95,33.442,9.475,0.875,72.495,25.267,52.515,41.115,6.368,31.299,35.999,36.266,30.416,71.959,28.04,47.188,30.615,22.196,0.531,0.191,ball_chaser
63,grand-champion-2,20,7.66E+16,0.434,32.5,0.379,41.666,33.999,370.7,50.292,11.298,4.349,7.662,26.207,12.268,0.731,66.969,13.874,58.925,33.718,7.355,32.005,33.704,32.479,34.174,71.952,28.047,47.029,32.635,20.335,0.318,0.12,playmaker
64,grand-champion-2,20,7.66E+16,0.426,37.5,0.412,10.833,31.666,365.7,41.366,11.53,3.617,12.354,34.904,14.303,0.526,65.282,13.462,54.037,41.0,4.961,33.452,30.832,34.631,30.385,74.619,25.38,54.508,27.827,17.663,0.093,0.133,defender
65,grand-champion-2,20,ee458ee713cd4d8e8f416c8d235924b6,0.457,30.952,0.199,39.285,24.833,463.7,76.093,11.513,4.594,11.097,31.184,15.217,0.991,71.682,20.892,50.166,40.582,9.251,30.736,40.064,34.029,35.315,65.398,34.601,40.14,34.029,25.829,0.2,0.119,freestyler
66,grand-champion-2,20,2917749ab4df435e8f0f901de1548a1f,0.415,31.666,0.249,33.333,36.166,395.8,64.124,10.156,3.972,9.55,31.512,14.624,0.903,68.452,16.879,53.744,40.112,6.142,35.934,32.21,34.346,33.216,74.483,25.516,44.318,33.726,21.954,0.278,0.159,playmaker
67,grand-champion-2,20,7.66E+16,0.64,55.555,0.276,11.111,38.428,342.7,33.916,14.165,3.173,8.357,27.64,12.377,0.895,65.799,14.566,58.31,35.838,5.851,34.785,29.98,33.694,33.0,72.858,27.141,46.599,29.983,23.416,0.176,0.32,striker
68,grand-champion-2,20,7.66E+16,0.484,37.5,0.292,37.333,39.499,379.9,62.547,11.175,3.753,13.615,34.251,14.212,0.659,69.373,20.276,53.249,40.821,5.929,34.419,34.195,31.372,38.036,70.873,29.126,48.126,29.345,22.527,0.256,0.094,playmaker
69,grand-champion-2,20,04abd24a8af547668c405d2d717026a0,0.651,25.833,0.212,43.333,16.666,378.2,37.094,12.95,3.408,9.56,30.76,9.495,0.464,68.956,14.276,52.731,40.769,6.499,36.134,34.242,33.154,36.034,72.753,27.246,44.087,33.984,21.928,0.217,0.09,playmaker
70,grand-champion-2,20,7.66E+16,0.694,25.925,0.224,25.0,13.666,347.5,43.343,13.995,3.151,6.279,26.733,10.332,0.765,66.795,13.877,57.853,37.598,4.548,33.134,31.328,32.839,30.844,72.947,27.052,42.822,34.168,23.008,0.1,0.188,striker
71,grand-champion-2,20,7.66E+16,0.518,55.208,0.172,28.125,41.999,462.5,84.363,12.181,4.464,11.831,36.921,5.126,0.726,73.869,27.514,52.962,41.024,6.013,35.49,33.074,31.439,37.164,69.031,30.968,46.657,30.488,22.853,0.367,0.19,enforcer
72,grand-champion-2,20,7.66E+16,0.616,15.625,0.3,35.416,12.499,414.9,54.442,12.301,3.681,16.918,39.03,7.956,0.64,68.686,18.063,50.166,42.805,7.027,34.892,32.755,35.932,31.026,70.286,29.713,43.776,33.451,22.772,0.272,0.28,freestyler
74,grand-champion-2,20,Mericristmas,0.507,40.833,0.285,30.833,54.999,445.2,88.506,13.098,4.28,11.969,39.698,9.852,0.623,72.513,24.567,49.699,42.052,8.247,31.26,33.438,36.394,28.795,72.741,27.258,46.801,30.096,23.102,0.123,0.14,freestyler
75,grand-champion-2,20,nioh-_-1327,0.636,72.916,0.355,10.416,28.999,437.3,80.035,12.118,3.907,14.051,36.684,13.107,0.548,68.3,17.231,52.427,40.873,6.699,32.472,34.367,38.872,29.11,68.744,31.255,46.446,31.135,22.417,0.217,0.09,ball_chaser
76,grand-champion-2,20,7.66E+16,0.596,25.333,0.257,7.5,17.833,402.3,31.681,12.452,3.713,12.107,31.986,10.767,0.832,65.743,13.455,55.133,39.082,5.783,33.422,32.774,31.669,34.577,69.326,30.673,41.52,34.317,24.161,0.164,0.192,enforcer
77,grand-champion-2,20,6b77f506c67c4cb0bc5a52c6e667ffc1,0.432,30.952,0.232,19.047,30.0,384.6,42.036,14.186,2.707,13.505,38.28,5.434,0.62,69.399,16.037,51.931,41.448,6.62,30.902,35.046,34.93,30.354,69.169,30.83,46.438,31.868,21.693,0.236,0.104,enforcer
78,grand-champion-2,20,7.66E+16,0.833,44.0,0.275,25.333,33.999,456.1,53.201,10.778,4.304,12.945,39.178,8.186,1.19,68.978,17.53,53.691,40.843,5.465,31.658,35.437,34.861,32.141,71.939,28.06,41.372,34.522,24.104,0.08,0.198,striker
79,grand-champion-2,20,e4251a0f0b274744949f205ca2f53d66,0.493,40.0,0.374,22.5,25.428,377.0,31.276,11.645,3.399,11.561,32.666,12.875,0.47,65.76,14.764,47.879,44.511,7.609,37.952,31.332,35.358,33.739,76.982,23.017,50.452,30.486,19.061,0.219,0.278,defender
81,grand-champion-2,20,7.66E+16,0.236,17.833,0.214,18.833,22.5,376.1,42.276,10.071,3.179,14.368,37.139,14.592,0.326,67.782,17.418,49.549,43.567,6.882,38.306,31.221,33.273,36.21,74.796,25.203,48.651,32.928,18.42,0.078,0.153,defender
82,grand-champion-2,20,7.66E+16,0.338,27.777,0.278,27.777,34.166,369.4,37.542,12.781,3.258,11.706,34.62,11.645,0.914,65.739,11.4,57.131,36.644,6.223,28.692,36.928,33.421,32.494,66.474,33.525,48.074,33.179,18.745,0.198,0.158,enforcer
83,grand-champion-2,20,7.66E+16,0.416,11.666,0.22,32.5,16.666,320.7,26.386,11.206,2.927,8.413,28.042,16.823,0.515,62.739,10.889,55.886,37.04,7.073,36.052,29.141,31.094,33.985,71.895,28.104,47.745,32.465,19.788,0.179,0.28,freestyler
85,grand-champion-2,20,7.66E+16,0.612,40.785,0.356,27.357,29.119,399.6,56.935,11.73,4.216,10.513,33.372,16.191,1.224,68.452,17.173,53.965,39.928,6.106,28.54,38.352,33.584,33.41,67.751,32.248,42.912,31.976,25.11,0.353,0.1,enforcer
86,grand-champion-2,20,cd8ac4349e1f4274be3146aeec1b0bfc,0.507,45.666,0.228,20.333,33.69,329.0,27.802,8.631,3.235,9.389,30.771,14.146,0.787,66.117,14.386,52.617,41.465,5.917,30.778,36.276,33.21,31.089,67.079,32.92,44.653,32.286,23.06,0.275,0.193,enforcer
87,grand-champion-2,20,Stocktane_,0.52,35.666,0.233,29.833,24.999,391.8,66.059,8.85,4.257,10.867,28.335,16.469,1.079,68.008,16.619,57.125,37.23,5.643,36.326,35.198,32.7,39.246,70.786,29.213,42.838,32.889,24.272,0.2,0.16,defender
88,grand-champion-2,20,7.66E+16,0.46,25.0,0.399,41.666,15.0,428.9,59.48,10.46,4.04,19.358,44.629,10.264,0.74,67.891,16.016,53.683,39.367,6.948,34.832,34.27,36.986,32.525,71.729,28.27,45.706,30.474,23.818,0.12,0.12,ball_chaser
89,grand-champion-2,20,7.66E+16,0.56,56.481,0.408,17.592,32.166,362.4,48.677,12.597,3.691,5.754,21.374,10.889,0.536,65.056,12.407,58.651,36.396,4.951,33.6,30.128,33.364,32.227,77.656,22.343,54.498,28.878,16.622,0.0,0.136,defender
90,grand-champion-1,19,7.66E+16,0.357,33.166,0.317,41.0,48.333,360.7,31.911,12.25,3.214,12.588,38.187,12.111,0.258,66.778,11.552,54.543,39.903,5.552,35.293,31.012,33.393,33.409,73.258,26.741,49.353,32.438,18.208,0.038,0.198,playmaker
92,grand-champion-1,19,7.66E+16,0.42,20.185,0.159,37.407,26.666,327.9,23.019,14.9,2.759,8.033,28.645,8.689,0.3,62.591,7.584,56.644,38.928,4.426,34.456,33.658,32.924,35.735,71.665,28.334,46.585,33.447,19.967,0.12,0.14,playmaker
93,grand-champion-1,19,ef5f6124076f4384b257e1359363ea91,0.67,47.0,0.373,24.833,37.333,385.7,32.108,8.995,4.006,13.234,32.067,10.362,0.607,63.095,9.929,59.269,35.079,5.65,42.424,25.503,33.081,34.54,80.768,19.231,54.252,29.568,16.179,0.137,0.191,defender
94,grand-champion-1,19,7.66E+16,0.57,31.166,0.193,30.333,27.666,362.6,45.848,11.464,3.678,7.424,27.785,18.327,0.802,63.934,10.225,61.411,32.376,6.211,29.533,38.894,34.123,36.108,69.73,30.269,44.251,34.301,21.447,0.177,0.196,playmaker
95,grand-champion-1,19,049b6ce3b0674ef9a817d3199ba6a285,0.356,34.444,0.193,26.296,37.5,363.3,44.734,10.665,3.128,15.518,37.623,7.944,0.698,64.643,10.671,61.593,36.43,1.975,28.285,36.471,31.95,32.017,70.068,29.931,48.092,32.578,19.328,0.259,0.199,enforcer
96,grand-champion-1,19,c15f18dad47541f0abfa928e150fd5a8,0.695,51.111,0.354,5.925,37.666,395.8,52.195,8.54,4.151,9.379,25.632,20.686,0.501,64.03,11.232,59.131,35.79,5.078,40.737,28.651,37.892,30.834,79.473,20.526,54.22,28.411,17.367,0.167,0.253,defender
98,grand-champion-1,19,7.66E+16,0.451,27.777,0.266,25.0,28.333,469.1,81.384,9.341,4.934,16.26,37.776,12.752,1.145,70.36,19.346,49.389,44.102,6.507,28.965,41.247,32.548,36.733,65.196,34.803,43.391,32.647,23.961,0.295,0.156,enforcer
99,grand-champion-1,19,7.66E+16,0.428,50.666,0.202,28.666,48.333,367.7,71.39,14.623,3.274,5.113,23.189,13.389,0.472,68.321,15.858,60.317,34.028,5.653,34.333,31.803,31.347,34.018,72.936,27.063,46.935,33.18,19.884,0.113,0.245,striker
100,grand-champion-1,19,7.66E+16,0.576,35.666,0.167,16.666,38.999,462.8,76.678,13.703,4.432,16.26,38.37,7.735,0.646,68.652,18.025,53.823,40.279,5.897,29.831,34.049,37.009,28.267,69.31,30.689,44.88,30.99,24.128,0.203,0.159,ball_chaser
101,grand-champion-1,19,0501888a5f8f47faa074e40cefe750e3,0.565,22.5,0.173,45.0,21.166,349.3,29.684,13.844,3.206,7.861,26.978,12.82,0.645,64.352,8.267,59.22,35.377,5.401,37.859,30.265,31.454,35.814,74.804,25.195,45.85,33.309,20.84,0.206,0.126,playmaker
103,grand-champion-1,19,7.66E+16,0.727,40.833,0.193,27.5,30.714,396.1,46.199,13.462,3.907,7.052,29.153,12.878,0.762,67.039,13.837,58.296,35.604,6.098,33.483,31.525,34.129,32.314,72.874,27.125,44.717,34.992,20.289,0.197,0.115,striker
104,grand-champion-1,19,93b2f433f8b842289f815db2332f1733,0.455,41.666,0.053,25.0,35.666,354.1,48.505,11.853,3.216,9.301,30.025,11.556,0.614,67.986,16.055,59.967,36.542,3.489,34.848,32.152,33.587,31.117,72.992,27.007,46.303,33.863,19.832,0.06,0.227,striker
105,grand-champion-1,19,5dfec608e2534f57987a0f5a1eb79e34,0.594,54.444,0.201,40.555,43.666,395.8,48.776,12.219,4.236,7.557,24.334,9.633,0.902,66.3,13.235,56.539,38.094,5.365,30.224,39.927,33.773,35.592,66.169,33.83,45.026,31.279,23.694,0.295,0.185,enforcer
107,grand-champion-1,19,f462cffc24324401af6e02052f62436c,0.435,37.962,0.23,35.185,27.857,394.4,29.989,10.768,3.752,10.222,33.231,6.459,0.615,63.565,8.336,53.299,42.518,4.181,33.907,33.705,33.818,33.14,69.239,30.76,50.024,28.466,21.509,0.04,0.085,playmaker
108,grand-champion-1,19,ac6c886855434378949ae77454026d4c,0.5,58.333,0.27,14.814,59.999,367.5,56.818,8.552,3.53,11.39,32.237,14.971,0.645,64.286,12.181,55.199,38.801,5.999,31.945,33.832,37.408,28.341,71.575,28.424,50.199,30.366,19.433,0.14,0.17,ball_chaser
109,grand-champion-1,19,7.66E+16,0.462,16.666,0.184,43.333,19.0,383.4,42.041,13.844,3.558,9.64,28.34,9.42,0.836,64.978,15.906,49.672,44.818,5.508,35.23,32.297,34.556,33.731,73.887,26.112,49.195,29.11,21.693,0.19,0.184,playmaker
110,grand-champion-1,19,7.66E+16,0.52,47.5,0.281,21.666,46.999,352.4,26.786,10.334,3.43,9.727,31.347,12.163,0.51,65.513,11.824,53.745,40.189,6.064,32.94,32.855,36.029,33.498,71.51,28.489,44.281,33.685,22.032,0.1,0.338,striker
111,grand-champion-1,19,7.66E+16,0.479,14.166,0.319,53.0,22.5,378.6,51.081,12.583,3.961,9.112,29.137,10.313,0.796,65.782,12.369,59.242,36.207,4.549,35.083,35.044,34.893,34.424,71.505,28.494,47.099,32.082,20.818,0.218,0.238,playmaker
112,grand-champion-1,19,7.66E+16,0.478,21.666,0.199,4.166,18.095,254.0,19.779,9.01,2.724,7.003,27.734,14.954,0.476,58.413,6.076,62.135,33.372,4.491,35.446,31.011,28.54,35.484,70.831,29.168,45.635,32.961,21.402,0.058,0.4,defender
113,grand-champion-1,19,7.66E+16,0.539,17.592,0.188,41.666,17.0,396.0,64.46,11.624,3.974,8.26,25.46,13.429,0.852,67.356,17.087,56.548,38.936,4.514,29.689,40.34,34.549,33.602,68.617,31.382,49.547,30.807,19.644,0.224,0.203,enforcer
114,grand-champion-1,19,7.66E+16,0.724,44.166,0.204,18.333,27.999,409.8,60.616,11.571,4.027,9.737,29.998,10.476,0.869,68.452,15.065,52.675,40.483,6.84,29.621,34.299,35.074,31.971,71.63,28.369,42.219,33.332,24.447,0.192,0.14,freestyler
115,grand-champion-1,19,7.66E+16,0.49,40.833,0.113,9.166,32.999,416.1,65.89,12.589,4.118,11.339,36.808,11.353,0.82,70.339,21.438,50.712,41.875,7.411,29.614,37.675,35.75,30.854,68.852,31.147,45.636,32.686,21.677,0.235,0.057,freestyler
117,grand-champion-1,19,7.66E+16,0.405,16.166,0.311,37.5,22.261,426.7,36.523,10.591,4.566,10.439,27.932,10.972,1.038,66.156,13.707,50.278,44.451,5.269,29.314,37.218,36.181,30.773,67.752,32.247,46.241,30.165,23.592,0.246,0.093,enforcer
118,grand-champion-1,19,d11f75707aaf4073aadf1f624ed5b76d,0.668,43.166,0.169,14.166,25.333,448.8,55.203,11.897,4.413,11.816,32.003,8.57,0.835,70.395,16.446,54.602,39.855,5.541,30.156,36.613,33.176,34.548,66.756,33.243,42.571,34.076,23.352,0.318,0.068,enforcer
119,grand-champion-1,19,e0333a66a7ce4d5195fda8a13576c7c4,0.433,35.833,0.353,18.333,45.0,458.6,38.221,9.304,4.786,15.114,31.873,12.559,0.807,67.395,13.695,55.57,37.84,6.588,30.401,33.937,32.1,36.231,70.439,29.56,43.88,34.016,22.102,0.06,0.159,freestyler
120,champion-3,18,7.66E+16,0.539,22.0,0.24,29.0,21.666,337.8,47.2,12.02,3.38,8.372,27.024,11.419,0.68,61.347,7.277,62.828,31.922,5.249,35.499,31.133,32.361,35.467,75.645,24.354,49.864,30.713,19.421,0.16,0.14,defender
121,champion-3,18,RAMPAGEx14x,0.457,32.407,0.216,44.814,34.999,334.5,38.126,10.811,3.459,7.872,26.101,10.947,0.695,63.408,7.934,59.423,34.388,6.187,27.65,37.611,33.264,32.209,65.29,34.709,45.777,30.591,23.63,0.199,0.12,playmaker
122,champion-3,18,06f20652f3010900,0.62,52.777,0.159,12.962,42.333,387.7,59.48,11.18,3.48,11.59,31.554,11.255,0.6,65.695,12.255,61.258,34.79,3.95,35.506,28.668,32.133,32.432,71.489,28.51,44.654,33.308,22.037,0.16,0.08,striker
123,champion-3,18,43ebbcd7f53e46938fd8418d132847b6,0.62,53.703,0.1,13.888,35.666,352.3,36.14,13.379,2.859,13.956,35.718,9.232,0.64,64.352,9.432,61.737,33.648,4.613,28.135,35.092,34.262,29.372,68.454,31.545,42.691,35.316,21.992,0.24,0.1,striker
124,champion-3,18,7.66E+16,0.44,26.851,0.179,18.518,15.333,503.6,139.6,9.059,5.639,13.143,34.779,17.241,1.16,72.586,23.596,55.252,38.496,6.251,34.121,37.201,32.937,38.138,69.678,30.321,46.139,30.828,23.032,0.3,0.199,freestyler
125,champion-3,18,6939ea4c7f1c4526a8f9c3bd871c93d3,0.648,67.291,0.259,13.75,50.666,387.6,45.829,10.68,4.081,7.022,26.719,18.421,0.964,68.765,16.46,53.66,39.057,7.282,33.662,31.642,36.675,30.581,72.145,27.854,44.122,32.398,23.478,0.135,0.194,freestyler
126,champion-3,18,81dc7a81212f4f9994777df61f3da454,0.193,9.259,0.173,50.0,10.0,385.3,51.71,8.599,3.915,15.053,35.664,15.144,0.647,65.547,12.547,57.979,36.366,5.654,32.73,35.366,31.686,36.544,66.134,33.865,46.902,33.461,19.636,0.1,0.193,playmaker
127,champion-3,18,7.66E+16,0.384,22.916,0.183,25.0,12.5,441.6,33.965,13.743,3.953,16.553,38.985,5.011,0.787,69.752,20.227,49.833,46.325,3.841,30.691,34.162,34.349,33.351,69.821,30.178,44.505,33.238,22.256,0.258,0.172,enforcer
128,champion-3,18,7279f0eb633f4a84a36f4b7371719066,0.441,64.583,0.294,25.0,38.333,361.6,27.616,9.612,3.275,15.369,32.153,11.155,0.347,62.421,10.186,55.536,39.114,5.348,35.352,31.575,34.804,30.751,73.192,26.807,48.667,32.288,19.043,0.198,0.175,striker
129,champion-3,18,b91267661e15473c982810ffa921d1f5,0.5,22.962,0.105,28.148,16.261,336.2,22.976,6.593,3.759,10.652,28.121,18.585,0.666,61.317,8.988,61.411,34.124,4.464,31.206,34.366,33.004,32.524,68.878,31.121,48.878,32.097,19.024,0.049,0.079,playmaker
130,champion-3,18,fb62d1aa11a84f95b88d52187cdc92ed,0.47,40.666,0.24,24.333,39.166,334.4,28.818,11.893,2.983,8.813,31.337,10.053,0.467,62.773,8.592,55.063,38.742,6.194,35.84,29.833,36.945,30.74,71.038,28.961,45.944,35.16,18.895,0.209,0.16,freestyler
131,champion-3,18,7.66E+16,0.364,38.666,0.133,18.333,44.999,321.3,35.594,10.871,3.005,9.299,24.76,13.442,0.731,63.491,10.892,58.147,37.217,4.635,31.19,37.341,34.521,33.146,69.059,30.94,47.024,31.594,21.38,0.228,0.168,enforcer
133,champion-3,18,2b4832cf9631432fbbee09c6ac33b797,0.59,32.333,0.294,12.5,25.333,350.9,35.743,12.138,3.745,7.445,25.7,12.845,0.713,64.695,10.359,55.146,39.373,5.479,31.318,35.492,37.103,30.974,73.051,26.948,45.711,32.247,22.04,0.143,0.103,ball_chaser
134,champion-3,18,4da9f1cd86e64accacd18954c6881065,0.342,12.962,0.169,40.74,11.666,323.3,23.84,13.503,2.847,7.733,27.056,6.582,0.675,65.895,10.989,52.769,41.86,5.369,38.274,31.074,30.004,38.976,72.777,27.222,46.184,31.83,21.985,0.177,0.213,playmaker
136,champion-3,18,7.66E+16,0.594,25.0,0.117,22.222,15.833,434.1,67.458,11.161,4.234,15.46,36.023,8.623,0.574,69.647,18.241,56.183,38.296,5.519,36.841,31.634,32.465,35.812,73.5,26.499,49.599,32.601,17.798,0.146,0.34,defender
139,champion-3,18,7.66E+16,0.252,12.777,0.231,24.444,21.666,316.2,40.112,11.896,2.734,9.177,30.863,10.698,0.155,63.0,10.141,64.701,32.114,3.183,36.658,28.905,28.45,35.452,71.937,28.062,55.639,31.365,12.995,0.059,0.169,defender
140,champion-3,18,7.66E+16,0.433,38.333,0.348,25.0,35.666,375.9,27.088,12.341,3.708,15.357,41.093,13.188,0.365,64.96,12.39,54.287,38.86,6.852,32.575,33.605,34.661,32.854,70.29,29.709,53.637,29.882,16.479,0.15,0.246,defender
143,champion-3,18,93f6cbc894f94fb1af196a44431cb2cb,0.457,24.166,0.128,29.166,32.499,281.6,34.647,8.013,2.863,8.669,24.815,17.154,0.428,63.6,10.248,60.935,35.023,4.041,32.325,35.233,31.185,34.663,71.603,28.396,47.347,30.926,21.726,0.085,0.242,playmaker
144,champion-3,18,7.66E+16,0.245,4.166,0.403,29.166,5.0,262.6,14.431,9.985,2.354,7.696,21.226,20.517,0.368,57.682,4.897,60.89,34.971,4.137,35.098,33.735,33.146,34.423,70.929,29.07,51.737,29.601,18.66,0.04,0.146,defender
145,champion-3,18,PRI_XxblazexX,0.353,21.296,0.179,38.888,30.0,300.3,24.157,8.644,3.248,7.773,25.452,15.678,0.626,61.313,11.622,55.416,39.125,5.458,28.654,37.349,35.902,27.882,69.16,30.839,43.494,32.442,24.062,0.136,0.1,playmaker
146,champion-3,18,7.66E+16,0.487,34.259,0.17,23.148,40.0,367.9,50.17,11.976,3.145,13.974,37.881,6.521,0.462,67.069,12.501,55.283,39.187,5.528,37.898,31.93,25.967,42.688,70.974,29.025,49.115,31.371,19.512,0.311,0.108,defender
147,champion-3,18,7.66E+16,0.552,32.0,0.201,35.666,36.333,399.0,48.061,11.324,3.748,11.239,30.761,7.438,0.623,69.095,17.577,56.702,40.31,2.987,31.141,34.726,30.71,34.823,70.833,29.166,50.461,30.014,19.524,0.122,0.227,playmaker
149,champion-3,18,888b06daff684cb7a4c07242de357a1a,0.445,41.666,0.158,9.629,41.666,319.1,33.06,12.969,2.597,9.518,30.817,11.577,0.562,62.678,9.096,62.151,34.868,2.98,32.452,34.667,33.813,32.432,69.449,30.55,49.324,29.898,20.776,0.372,0.152,enforcer
150,champion-2,17,7.66E+16,0.432,36.5,0.291,29.833,41.5,372.8,18.053,13.446,3.782,10.666,27.802,9.459,0.726,66.126,12.701,53.655,40.441,5.902,32.64,32.539,32.866,33.301,71.529,28.47,42.268,34.512,23.219,0.14,0.191,freestyler
151,champion-2,17,0432c36c078b47b4835ff66e1b1f22c1,0.577,34.333,0.18,27.666,30.833,377.5,52.18,10.714,4.216,7.217,26.353,16.378,0.916,67.908,14.35,52.984,40.435,6.58,30.597,36.072,32.873,31.852,67.411,32.588,41.631,33.81,24.558,0.238,0.16,freestyler
152,champion-2,17,db6fea08582b4853b80ee7866666d567,0.607,31.166,0.18,29.5,24.833,355.7,66.048,13.862,3.152,9.121,32.143,9.68,0.692,66.217,14.739,58.259,37.259,4.481,35.791,33.091,33.295,34.93,72.985,27.014,44.003,33.916,22.08,0.12,0.08,striker
153,champion-2,17,dfbd99db28254cd5818933b1e3016568,0.401,30.0,0.161,30.0,24.166,324.6,51.264,8.935,3.45,7.623,22.892,18.581,0.591,64.539,11.208,59.401,34.786,5.812,31.596,31.534,35.928,29.779,70.631,29.368,46.451,31.151,22.396,0.106,0.206,playmaker
155,champion-2,17,b98c9d4b0b27421e90a5b65c0d867d17,0.417,29.166,0.175,22.5,34.999,375.6,53.593,8.91,3.956,15.857,32.887,13.541,0.743,68.2,13.918,58.51,36.625,4.863,34.955,34.91,30.53,38.66,68.149,31.85,46.545,29.985,23.468,0.166,0.098,enforcer
156,champion-2,17,7e0b00c53d224942b887fe69058c5805,0.445,36.458,0.211,6.25,29.5,343.5,40.787,9.645,3.405,12.519,31.6,11.258,0.787,63.613,8.335,60.697,34.983,4.319,31.115,38.359,37.798,29.281,69.002,30.997,43.117,34.775,22.106,0.275,0.235,ball_chaser
157,champion-2,17,e3abe7d20f984411b941f2d7a5ca8295,0.55,54.814,0.233,20.37,29.285,356.6,44.771,12.254,3.406,9.919,27.77,9.975,0.546,63.926,12.164,56.712,39.193,4.094,31.936,31.319,32.009,34.086,70.417,29.582,47.682,31.334,20.982,0.133,0.173,striker
158,champion-2,17,46f39c0d537a4b9ebfa231923ee50606,0.335,19.259,0.197,26.666,28.333,325.9,38.848,9.095,3.345,9.584,33.863,9.112,0.374,63.391,8.551,55.385,40.475,4.138,36.436,30.557,30.64,36.858,74.414,25.585,49.422,30.716,19.861,0.137,0.097,defender
159,champion-2,17,2661c5f543564475a5b2262304a7cbfc,0.418,58.75,0.267,15.416,37.499,358.8,42.252,9.325,3.629,8.984,28.698,21.449,0.491,65.539,12.665,55.295,38.856,5.847,30.229,37.215,34.248,30.701,68.014,31.985,50.238,31.092,18.668,0.151,0.095,freestyler
160,champion-2,17,7.66E+16,0.469,37.0,0.244,17.0,27.023,384.2,56.029,9.199,3.874,13.671,30.891,12.333,0.545,68.63,15.775,60.172,36.894,2.933,34.448,34.58,32.272,37.251,69.983,30.016,50.674,29.607,19.718,0.159,0.129,defender
161,champion-2,17,6f6a4f0631ca4bd08b1a5f92ac937823,0.333,28.333,0.146,12.5,39.5,384.3,43.4,10.501,3.423,16.978,42.444,7.799,0.349,65.378,12.751,52.559,43.176,4.263,38.356,28.969,32.917,35.139,74.946,25.053,55.925,27.759,16.314,0.198,0.3,defender
163,champion-2,17,33ec402e98ed40a3b4c30861c29077bd,0.598,45.37,0.215,27.777,28.999,319.9,11.413,11.693,2.974,10.052,30.889,12.496,0.355,62.373,8.723,55.775,38.162,6.062,37.485,30.791,32.571,34.408,75.119,24.88,51.022,29.582,19.394,0.114,0.092,freestyler
164,champion-2,17,29e9dd189fde4a0780dab6c471bed774,0.481,17.5,0.092,36.666,20.833,357.2,31.169,12.351,3.604,6.82,29.582,11.708,0.449,64.9,10.006,60.375,34.0,5.624,31.292,35.02,32.771,35.208,69.515,30.484,48.132,32.125,19.741,0.096,0.248,playmaker
166,champion-2,17,f4b98fa04b9a409ebd2d243e82f3a004,0.699,51.851,0.302,21.666,40.095,427.2,37.217,9.595,4.259,12.721,34.911,10.804,0.698,65.369,14.745,50.95,43.575,5.473,34.811,30.055,36.665,27.683,73.653,26.346,49.733,30.161,20.105,0.115,0.111,striker
167,champion-2,17,a0a911268bd44e2d9d3148423a8da99c,0.31,24.629,0.15,25.925,48.333,399.3,91.265,10.883,4.02,17.917,39.693,8.954,0.882,67.617,15.608,60.124,36.611,3.263,27.466,39.536,28.89,38.132,64.929,35.07,45.363,29.56,25.075,0.238,0.189,enforcer
168,champion-2,17,7.66E+16,0.398,20.333,0.204,9.0,22.499,437.1,92.943,13.936,4.548,10.966,34.089,9.945,0.608,68.308,16.263,61.167,34.178,4.654,39.241,28.079,28.755,38.201,72.799,27.2,52.113,31.49,16.396,0.124,0.1,defender
169,champion-2,17,7.66E+16,0.391,33.125,0.099,13.541,35.333,374.2,61.228,12.302,3.373,10.867,36.127,13.981,0.734,65.63,12.921,60.474,34.449,5.076,34.419,34.137,30.653,36.058,68.269,31.73,47.036,32.712,20.251,0.243,0.157,enforcer
172,champion-2,17,7.66E+16,0.523,35.0,0.332,45.833,28.666,261.8,14.323,7.376,2.638,6.666,27.055,11.083,0.346,59.295,5.492,64.314,32.369,3.316,31.244,35.269,32.935,34.649,65.762,34.237,47.438,33.347,19.214,0.17,0.205,playmaker
173,champion-2,17,5f8aeda7a2f7412ea924502b850befe6,0.407,47.5,0.228,17.5,40.666,418.2,61.48,9.471,4.039,14.631,31.615,15.167,0.975,64.113,11.093,58.738,36.01,5.25,31.117,35.967,36.057,32.65,68.515,31.484,45.369,29.76,24.869,0.14,0.171,ball_chaser
174,champion-2,17,7.66E+16,0.322,24.166,0.287,30.0,29.999,327.6,25.032,9.156,3.395,8.963,28.583,16.517,0.643,63.273,9.0,59.191,36.559,4.249,38.759,30.236,33.65,33.893,70.414,29.585,52.089,30.216,17.693,0.157,0.115,defender
176,champion-2,17,7.66E+16,0.777,54.629,0.303,11.111,29.0,463.6,54.659,9.356,4.656,22.063,39.579,17.05,1.029,69.508,19.584,46.944,47.961,5.094,32.14,35.244,35.508,33.243,71.23,28.769,42.795,32.161,25.042,0.173,0.266,striker
177,champion-2,17,7.66E+16,0.559,26.0,0.231,15.333,16.333,284.2,21.869,11.849,2.373,4.691,22.078,11.035,0.587,61.156,5.943,61.112,33.619,5.267,36.452,31.113,31.322,35.048,71.307,28.692,46.452,31.424,22.122,0.031,0.239,striker
178,champion-2,17,7.66E+16,0.38,36.111,0.3,15.925,22.666,302.6,25.299,10.24,2.86,9.267,36.388,9.985,0.199,61.226,7.163,57.842,37.01,5.146,43.918,23.63,30.219,38.391,75.256,24.743,56.886,27.56,15.552,0.14,0.159,defender
179,champion-2,17,7.66E+16,0.635,56.296,0.194,0.0,47.666,322.5,19.899,12.652,2.839,7.117,26.626,10.464,0.588,63.291,8.645,58.379,35.973,5.646,29.097,35.915,32.561,31.293,66.32,33.679,44.8,33.994,21.205,0.151,0.084,striker
180,champion-1,16,b40690cef4010900,0.81,63.703,0.22,15.555,36.75,420.4,113.259,10.491,4.322,10.36,29.458,12.388,0.886,70.908,16.318,63.662,32.861,3.475,29.347,37.773,33.603,33.304,67.891,32.108,43.456,31.9,24.642,0.275,0.129,striker
181,champion-1,16,7.66E+16,0.396,33.333,0.155,27.5,40.833,421.7,44.294,10.664,3.951,17.639,41.682,7.833,0.791,64.982,11.245,51.645,43.942,4.412,27.32,40.891,36.301,30.219,67.573,32.426,44.61,31.417,23.972,0.096,0.131,ball_chaser
182,champion-1,16,752e8af4aa4a43509dd61af4322a201a,0.428,15.555,0.373,28.518,15.833,391.6,38.372,13.736,3.741,15.013,39.099,10.307,0.607,67.269,15.747,56.338,39.76,3.9,34.706,35.293,35.582,32.554,71.542,28.457,49.984,29.073,20.941,0.193,0.177,ball_chaser
183,champion-1,16,7.66E+16,0.436,53.333,0.24,11.666,42.333,294.7,43.435,12.799,2.372,8.269,32.319,6.549,0.478,64.26,9.24,55.501,41.401,3.096,32.971,35.929,32.98,34.943,69.711,30.288,51.693,28.317,19.989,0.138,0.18,striker
184,champion-1,16,MidnaZG,0.489,23.333,0.195,29.166,19.5,423.1,39.248,10.259,4.421,13.525,33.437,10.549,0.86,69.913,15.925,57.745,37.617,4.637,33.573,35.367,32.653,36.404,69.824,30.175,45.751,31.194,23.054,0.274,0.117,playmaker
185,champion-1,16,dylanbobber,0.386,21.666,0.238,27.222,22.333,401.9,54.605,10.12,3.954,11.008,30.302,11.632,0.67,68.321,14.505,60.248,36.436,3.314,33.807,31.929,33.856,32.959,69.844,30.155,45.403,30.57,24.026,0.118,0.141,playmaker
186,champion-1,16,82feb54ae5a84738af4a3cd7c54a0261,0.387,40.625,0.199,25.0,19.999,365.2,50.823,8.477,4.29,8.985,25.839,16.183,0.855,68.143,16.565,56.429,40.056,3.514,31.758,33.255,35.575,33.184,71.211,28.788,45.551,30.585,23.863,0.285,0.118,ball_chaser
187,champion-1,16,7.66E+16,0.4,18.333,0.18,30.833,17.666,357.1,36.92,11.34,3.459,10.036,27.827,9.942,0.76,65.821,10.227,55.473,39.476,5.05,43.592,28.171,31.274,39.437,74.67,25.329,53.918,28.793,17.287,0.2,0.1,defender
188,champion-1,16,7.66E+16,0.481,46.875,0.36,14.583,28.333,421.0,65.472,9.682,4.222,11.671,31.476,10.658,0.954,66.756,13.448,56.128,38.532,5.339,31.837,37.866,36.417,33.413,66.638,33.361,46.722,28.94,24.337,0.133,0.173,ball_chaser
189,champion-1,16,7.66E+16,0.28,28.571,0.14,28.571,25.0,311.2,38.02,9.96,3.74,6.137,24.376,11.98,0.959,59.36,8.188,59.843,34.677,5.479,32.506,41.03,28.826,41.29,61.611,38.388,46.112,29.223,24.664,0.32,0.26,enforcer
190,champion-1,16,7.66E+16,0.382,32.142,0.346,8.333,22.5,288.2,12.87,8.004,2.617,12.008,31.501,16.001,0.401,61.913,8.318,58.156,36.051,5.792,33.37,33.848,32.672,36.128,72.108,27.891,45.937,33.531,20.531,0.033,0.126,freestyler
191,champion-1,16,7.66E+16,0.6,49.166,0.3,14.166,33.0,392.9,35.58,9.539,4.36,9.109,28.752,14.45,0.7,67.347,17.205,49.307,43.005,7.687,34.104,34.258,37.367,32.229,73.786,26.213,49.098,28.866,22.034,0.179,0.18,freestyler
196,champion-1,16,2b9d4d00ee084447ba983a6be29e2db0,0.475,25.666,0.315,40.666,20.333,381.0,58.534,7.681,4.472,8.462,25.491,17.137,0.753,64.247,11.046,56.591,38.54,4.868,32.164,33.763,39.336,27.249,70.753,29.246,48.834,30.034,21.13,0.18,0.08,ball_chaser
197,champion-1,16,CloudyHabitz,0.566,37.777,0.159,8.518,39.833,315.9,23.51,8.484,3.805,11.319,24.915,20.086,0.584,61.839,11.076,57.203,37.519,5.277,41.821,30.345,26.444,45.743,74.693,25.306,51.683,30.327,17.988,0.166,0.106,defender
198,champion-1,16,7.66E+16,0.554,54.687,0.238,28.645,44.999,324.3,26.452,12.927,3.137,2.992,19.963,17.7,0.637,64.865,9.825,62.23,33.533,4.236,31.342,33.972,31.649,35.253,70.646,29.353,44.715,33.973,21.31,0.08,0.257,striker
199,champion-1,16,7.66E+16,0.517,50.0,0.199,8.333,41.19,335.3,39.173,10.419,3.632,4.793,25.504,11.952,0.798,66.886,13.879,56.173,39.69,4.136,35.95,33.31,31.908,37.73,71.311,28.688,51.11,28.651,20.238,0.339,0.14,striker
200,champion-1,16,99de0b0f00000900,0.38,9.791,0.26,38.333,10.833,310.1,23.12,8.939,3.2,6.955,19.018,13.826,0.52,63.83,10.306,60.082,37.283,2.634,34.464,33.037,30.546,36.519,70.733,29.266,48.977,31.743,19.278,0.02,0.16,playmaker
202,champion-1,16,7.66E+16,0.418,12.5,0.133,40.0,16.19,316.8,23.591,9.74,3.48,6.876,28.866,12.76,0.552,62.969,9.327,58.61,37.574,3.815,37.914,31.883,30.196,37.821,72.481,27.518,48.288,31.699,20.011,0.14,0.053,playmaker
203,champion-1,16,frei-Wolf4,0.529,42.176,0.237,7.142,27.333,331.6,40.544,7.08,3.242,8.837,23.231,20.715,0.641,63.834,13.974,51.299,42.513,6.187,36.599,31.601,32.699,37.923,74.524,25.475,51.9,26.821,21.278,0.154,0.039,freestyler
204,champion-1,16,7.66E+16,0.46,35.396,0.219,30.396,54.666,289.0,41.52,10.22,2.64,8.626,22.823,11.363,0.44,58.917,7.013,67.287,31.272,1.44,35.21,30.184,34.055,29.747,77.21,22.789,50.037,30.195,19.767,0.16,0.3,playmaker
206,champion-1,16,5d05aa42882fed6a,0.563,33.333,0.08,16.666,20.833,370.4,27.364,10.547,3.243,17.933,41.514,9.308,0.606,63.904,7.699,55.747,39.018,5.234,27.777,37.934,35.581,30.023,66.836,33.163,41.287,31.683,27.029,0.218,0.131,enforcer
208,champion-1,16,e5b364aeee1f4ccbbb53f55d078cded6,0.538,39.166,0.397,3.333,37.666,409.3,87.079,8.097,4.294,16.053,34.829,13.556,0.567,67.752,15.238,58.272,36.557,5.169,35.534,32.358,35.057,33.778,75.304,24.695,52.862,28.759,18.378,0.164,0.157,defender
210,diamond-3,15,82c2907127974698a71ec725ebeca904,0.639,51.357,0.2,16.5,30.499,388.4,64.3,15.76,3.68,8.912,26.302,11.74,0.64,65.526,12.387,62.367,35.162,2.469,39.478,28.202,33.465,36.744,75.291,24.708,50.919,31.658,17.421,0.199,0.08,striker
214,diamond-3,15,47f58b51b8c84adaad0bea806822f0bb,0.232,31.481,0.215,20.37,38.333,322.2,17.562,9.907,2.663,11.22,29.591,16.738,0.445,58.095,7.558,60.559,35.985,3.454,44.949,24.805,30.361,39.142,78.153,21.846,55.181,28.712,16.105,0.116,0.04,defender
215,diamond-3,15,ef945dd12d444cadbee2e2c9afc224ad,0.48,36.0,0.114,12.833,36.785,343.8,53.158,9.929,3.666,11.178,30.19,8.97,0.646,66.395,10.821,63.025,33.295,3.679,36.979,31.617,30.71,36.9,72.809,27.19,51.211,30.157,18.631,0.23,0.249,defender
216,diamond-3,15,7.66E+16,0.565,45.185,0.149,9.259,31.023,288.3,25.903,12.47,2.073,11.072,32.83,10.2,0.279,62.704,7.975,56.957,39.888,3.153,34.652,31.937,31.782,34.2,71.446,28.553,48.319,29.146,22.534,0.2,0.163,striker
217,diamond-3,15,7.66E+16,0.514,54.444,0.243,29.629,49.333,314.6,13.279,9.787,2.799,8.299,28.112,9.343,0.66,60.926,9.779,57.408,39.933,2.657,28.944,32.782,36.409,27.855,70.737,29.262,48.623,30.476,20.899,0.075,0.207,striker
218,diamond-3,15,SoareSamuel,0.312,16.111,0.195,16.111,25.0,235.9,32.562,6.473,2.757,6.347,19.286,18.491,0.781,56.943,6.189,63.523,33.547,2.928,36.082,37.893,26.056,44.486,68.485,31.514,46.977,27.921,25.1,0.097,0.137,enforcer
219,diamond-3,15,inSaneXpLiciTe,0.228,15.185,0.113,32.592,21.666,337.7,39.259,10.132,3.375,13.646,31.053,10.801,0.781,64.913,11.012,58.926,36.818,4.255,30.164,36.225,33.599,32.513,69.019,30.98,46.919,32.45,20.63,0.108,0.14,playmaker
220,diamond-3,15,7.66E+16,0.433,48.333,0.168,16.666,42.499,312.3,20.685,11.395,3.04,6.62,25.934,12.928,0.815,65.573,10.251,54.803,41.234,3.961,37.058,30.953,30.255,37.772,72.448,27.551,47.905,33.223,18.87,0.19,0.096,striker
221,diamond-3,15,MikeWazovskiii,0.46,57.916,0.24,9.166,50.833,298.3,46.54,8.68,3.02,4.824,19.271,16.06,0.5,61.421,7.227,63.887,33.956,2.155,31.239,34.331,32.995,32.886,69.514,30.485,49.219,28.104,22.676,0.1,0.199,striker
222,diamond-3,15,Dorasis,0.387,35.833,0.187,20.0,45.833,438.8,77.531,9.596,4.883,11.53,30.621,11.235,1.169,69.299,17.89,54.872,41.529,3.597,26.86,45.046,35.363,32.394,62.942,37.057,43.39,32.121,24.487,0.347,0.073,enforcer
223,diamond-3,15,d811d5f9fc010900,0.289,29.166,0.262,18.333,40.0,377.5,62.199,9.179,3.517,24.429,46.25,6.936,0.731,62.5,11.436,57.599,39.183,3.216,27.954,37.627,36.737,29.554,66.509,33.49,45.148,29.059,25.792,0.079,0.164,ball_chaser
224,diamond-3,15,603e0f0b68754ddba5d22485fc1c7537,0.199,17.708,0.239,0.0,30.0,393.0,54.354,12.23,3.437,8.72,30.417,11.61,0.879,65.647,11.455,58.511,37.805,3.683,31.149,37.387,33.784,33.916,67.813,32.186,48.176,28.698,23.125,0.459,0.1,enforcer
225,diamond-3,15,Daniel96PS,0.451,19.791,0.309,15.625,15.833,175.3,6.747,10.264,1.253,3.182,19.547,10.408,0.214,53.852,3.359,68.176,29.267,2.556,36.139,30.871,34.798,30.634,73.647,26.352,54.614,27.882,17.503,0.04,0.175,defender
226,diamond-3,15,560ab913c3b54cc28a248235c375bb9f,0.383,36.458,0.171,22.916,38.666,379.3,34.864,11.404,3.218,15.415,40.933,9.816,0.69,59.699,6.788,62.261,34.034,3.703,30.176,35.48,33.135,31.085,67.838,32.161,47.165,30.846,21.987,0.32,0.175,enforcer
227,diamond-3,15,d6a70b02beb542fa9bd5d86d96892d6e,0.449,30.166,0.306,15.333,43.666,246.6,22.723,8.46,2.502,7.224,26.824,18.092,0.317,57.586,5.161,70.705,26.225,3.068,41.952,28.972,29.245,40.839,79.092,20.907,52.881,29.618,17.499,0.074,0.14,defender
228,diamond-3,15,7.66E+16,0.407,43.333,0.235,17.5,54.999,380.6,47.008,12.132,3.414,11.748,29.434,11.425,0.655,65.434,12.268,56.914,39.034,4.05,33.665,32.438,31.446,33.762,73.886,26.113,48.027,30.385,21.586,0.1,0.135,striker
229,diamond-3,15,jefemaestro_one,0.54,33.333,0.34,25.0,24.333,352.8,49.28,7.119,3.64,9.626,26.219,22.599,0.6,64.93,11.891,57.703,36.482,5.813,34.715,35.214,38.894,29.841,72.621,27.378,52.561,26.259,21.178,0.1,0.04,freestyler
231,diamond-3,15,7.66E+16,0.4,23.809,0.131,11.904,20.333,378.7,58.692,11.697,3.553,9.695,31.093,10.215,0.953,64.182,11.98,62.773,33.082,4.144,30.396,37.682,34.607,34.252,67.506,32.493,41.321,31.568,27.11,0.211,0.285,enforcer
232,diamond-3,15,7.66E+16,0.437,19.444,0.195,27.777,10.333,314.9,53.683,13.268,2.269,9.409,29.287,9.73,0.557,62.83,8.777,63.853,32.415,3.731,33.326,32.008,34.44,31.491,71.895,28.104,42.222,33.217,24.559,0.2,0.135,playmaker
233,diamond-3,15,70494707f9010900,0.406,40.952,0.235,16.666,34.166,379.7,72.711,7.697,4.228,9.914,30.268,15.544,0.572,66.426,13.517,62.852,33.004,4.142,41.356,29.385,29.586,39.153,73.889,26.11,47.137,31.042,21.819,0.27,0.155,defender
234,diamond-3,15,7.66E+16,0.435,30.0,0.236,14.666,33.333,321.5,32.595,10.835,3.168,8.281,23.597,14.755,0.48,60.278,7.949,64.066,32.401,3.531,37.432,31.769,29.625,38.968,72.187,27.812,51.196,30.028,18.774,0.153,0.153,defender
235,diamond-3,15,02f9d7dc25b44f5a87884bdfee413f14,0.522,14.814,0.252,18.518,14.444,393.7,50.005,9.295,4.044,13.006,29.588,12.068,0.814,67.369,13.766,54.282,40.762,4.955,30.098,36.036,37.363,30.906,70.796,29.203,49.115,30.436,20.447,0.132,0.238,ball_chaser
236,diamond-3,15,7.66E+16,0.38,33.333,0.179,17.777,27.499,424.6,36.799,8.599,4.62,15.022,31.076,12.237,0.5,68.169,13.853,54.14,39.915,5.944,34.829,34.803,33.368,36.013,70.874,29.125,51.221,27.694,21.084,0.14,0.14,freestyler
237,diamond-3,15,7356a58431f9429fba0de1f55a58056f,0.427,35.37,0.257,25.74,41.666,366.8,24.636,9.648,3.347,10.757,28.938,11.873,0.33,64.269,9.59,60.937,36.972,2.089,37.426,33.082,30.558,36.727,74.005,25.994,51.296,29.355,19.348,0.115,0.207,defender
238,diamond-3,15,60d46510903d45bf922dbb7958e6356b,0.532,40.833,0.193,2.5,27.499,272.7,44.451,7.951,2.614,9.67,27.397,11.806,0.426,61.182,7.222,64.617,32.389,2.992,43.09,27.684,30.423,39.484,77.913,22.086,52.419,29.678,17.901,0.11,0.06,defender
239,diamond-3,15,33076c0000000900,0.334,40.833,0.229,15.0,60.333,291.7,51.181,7.055,3.406,7.634,25.096,17.211,0.568,62.278,7.384,66.244,31.12,2.634,32.963,37.234,33.488,36.043,69.832,30.167,49.679,28.022,22.298,0.254,0.198,striker
240,diamond-2,14,2070b0a2f8a742c0b187882691bb2789,0.592,55.303,0.159,9.545,44.999,339.3,39.875,10.675,2.955,11.169,34.549,9.055,0.371,61.76,8.699,63.024,34.984,1.99,30.594,35.126,38.338,29.824,72.413,27.586,45.681,31.284,23.034,0.136,0.157,ball_chaser
242,diamond-2,14,7a546367b1a040019eedd7040785c941,0.24,20.37,0.257,22.222,20.0,352.7,38.501,10.582,3.349,14.459,33.478,9.756,0.582,62.204,10.399,57.772,37.338,4.889,38.539,31.583,32.162,38.341,73.536,26.463,49.518,29.02,21.461,0.188,0.094,freestyler
243,diamond-2,14,a066d20500000900,0.521,20.37,0.189,20.37,14.166,351.5,70.944,10.043,3.785,6.703,23.185,14.108,0.646,62.86,8.507,63.819,33.492,2.688,27.955,36.732,38.287,27.428,70.804,29.195,46.317,28.282,25.4,0.192,0.169,ball_chaser
245,diamond-2,14,7.66E+16,0.499,42.592,0.273,22.222,38.333,307.4,17.358,8.642,3.159,8.006,22.58,22.071,0.725,60.547,6.389,57.525,37.58,4.894,31.201,36.729,33.538,34.144,67.833,32.166,49.12,30.707,20.172,0.14,0.16,freestyler
248,diamond-2,14,0927a72ee6054fbe8d5ec0faf32017bb,0.479,27.5,0.289,29.166,30.166,332.8,22.892,8.966,3.207,11.324,26.332,16.902,0.65,61.06,10.783,59.417,37.36,3.221,41.715,29.222,31.231,38.484,77.642,22.357,51.421,31.086,17.492,0.134,0.166,defender
249,diamond-2,14,7.66E+16,0.557,22.916,0.131,23.75,11.666,335.3,36.17,10.285,3.18,10.634,28.971,12.836,0.513,62.291,9.043,63.069,33.13,3.8,29.745,33.806,31.106,33.581,71.017,28.982,47.844,31.204,20.95,0.111,0.1,striker
250,diamond-2,14,7.66E+16,0.521,47.5,0.164,33.333,41.666,289.2,36.393,9.362,2.928,6.362,20.758,15.22,0.413,61.73,7.527,64.989,33.919,1.091,29.683,36.055,35.078,31.546,72.308,27.691,52.974,29.82,17.205,0.184,0.133,striker
252,diamond-2,14,7.66E+16,0.391,29.629,0.271,37.037,36.999,379.5,43.24,10.618,3.327,10.185,29.901,11.192,0.332,62.013,7.896,61.292,37.109,1.597,33.022,30.57,33.542,30.007,76.034,23.965,52.534,30.958,16.507,0.02,0.06,playmaker
253,diamond-2,14,7.66E+16,0.452,26.851,0.197,3.703,39.166,297.1,26.417,6.991,3.392,7.787,23.103,29.306,1.027,62.026,11.337,51.735,46.289,1.974,40.948,33.015,29.831,42.699,73.334,26.665,54.101,25.596,20.301,0.093,0.113,defender
254,diamond-2,14,aki84uko_,0.276,5.0,0.127,8.333,5.0,435.1,110.813,7.681,5.227,11.543,27.781,18.635,0.991,71.36,18.787,55.888,40.774,3.337,31.859,38.531,29.259,41.424,64.786,35.213,47.115,28.974,23.91,0.383,0.038,enforcer
255,diamond-2,14,7.66E+16,0.367,34.259,0.213,8.333,29.333,259.7,24.712,7.755,2.565,6.568,17.702,15.863,0.637,58.234,8.465,60.033,36.149,3.816,41.23,29.823,28.241,38.761,74.974,25.025,56.373,25.192,18.434,0.0,0.113,defender
257,diamond-2,14,46ea1f9f9d444caba54e2f4a41386cc4,0.513,35.833,0.16,6.666,27.952,262.4,25.54,11.897,2.278,5.145,18.574,10.431,0.599,57.708,6.103,67.239,31.306,1.453,30.515,35.634,31.001,34.642,68.368,31.631,49.314,32.148,18.536,0.14,0.098,enforcer
258,diamond-2,14,fc213e4e47394beca4ce8acce6c43552,0.672,36.19,0.248,14.285,35.833,430.7,87.124,9.54,5.228,19.802,40.787,17.179,1.176,62.643,12.575,64.807,33.077,2.115,32.602,38.781,31.761,41.883,67.645,32.354,50.793,26.06,23.145,0.468,0.2,enforcer
259,diamond-2,14,1f992ebec8f849a798ba806ffe697d0f,0.336,38.333,0.169,8.333,68.333,259.7,20.588,11.707,2.383,8.102,27.153,13.513,0.265,57.626,3.978,68.606,28.372,3.02,38.861,27.329,30.753,34.387,75.819,24.18,57.222,29.505,13.271,0.113,0.073,defender
260,diamond-2,14,1.04E+15,0.43,38.333,0.267,33.333,50.5,306.8,54.007,10.247,2.568,15.013,38.33,10.763,0.592,60.421,10.546,66.475,30.472,3.051,32.296,36.566,37.629,32.031,69.674,30.325,49.15,26.188,24.661,0.201,0.085,ball_chaser
261,diamond-2,14,7.66E+16,0.367,32.407,0.401,5.555,32.0,331.4,55.282,5.785,4.446,8.926,22.543,31.074,0.526,63.995,12.356,63.938,33.466,2.594,41.02,29.06,30.76,40.09,78.664,21.335,59.579,27.216,13.204,0.136,0.136,defender
262,diamond-2,14,7.66E+16,0.371,38.888,0.232,31.481,26.666,317.9,34.928,10.002,3.153,11.551,28.276,19.183,0.443,61.226,9.788,63.651,33.416,2.931,34.055,34.14,36.078,32.368,75.426,24.573,56.806,26.572,16.621,0.237,0.159,playmaker
264,diamond-2,14,128f27caa8c44d5ba14ab0080e016fa3,0.423,40.0,0.212,38.333,33.999,323.7,40.749,8.642,3.112,13.547,27.427,10.532,0.41,65.517,10.997,58.663,36.142,5.193,35.308,35.761,33.161,36.664,73.836,26.163,50.936,30.578,18.485,0.07,0.072,freestyler
265,diamond-2,14,7.66E+16,0.384,42.592,0.204,18.518,35.0,329.8,18.358,8.971,3.711,5.602,18.814,12.461,0.628,60.547,7.23,60.795,35.674,3.529,28.783,34.876,40.4,27.088,76.132,23.867,46.334,31.403,22.261,0.024,0.1,ball_chaser
266,diamond-2,14,7.66E+16,0.332,7.407,0.373,24.074,6.666,202.7,13.331,9.439,1.799,4.492,20.158,15.7,0.336,57.395,3.87,67.77,29.826,2.403,40.5,27.582,26.432,39.303,76.619,23.38,52.21,31.327,16.462,0.032,0.22,defender
267,diamond-2,14,594446f6f3010900,0.412,39.166,0.167,27.083,32.0,272.7,20.682,9.835,2.497,10.413,36.405,6.79,0.506,61.591,7.76,56.057,40.739,3.202,28.876,35.316,38.204,27.276,70.952,29.047,44.572,30.054,25.372,0.119,0.14,ball_chaser
268,diamond-2,14,7.66E+16,0.451,30.833,0.329,24.166,28.333,330.4,23.123,14.857,3.084,5.732,23.009,11.456,0.666,61.317,6.166,65.77,32.081,2.148,38.403,30.476,28.044,38.299,71.071,28.928,47.984,31.576,20.438,0.225,0.125,defender
271,platinum-3,12,7c96d3f78e034ea6b49cb0fa2d922f02,0.346,34.259,0.207,20.37,30.0,328.9,39.902,11.713,3.148,8.071,29.412,5.847,0.636,61.126,7.238,62.615,35.618,1.766,33.327,34.51,33.548,35.457,70.166,29.833,54.079,26.533,19.386,0.136,0.113,enforcer
273,platinum-3,12,3252981cb7ef4910b0932f2e589bebb9,0.291,11.481,0.093,5.555,13.333,304.9,41.016,8.323,3.237,9.386,29.995,13.873,0.439,62.395,7.302,65.147,31.604,3.248,40.399,32.405,30.84,40.997,72.94,27.059,55.156,28.367,16.476,0.208,0.13,defender
274,platinum-3,12,7.66E+16,0.379,32.592,0.159,10.37,36.5,329.3,34.174,6.051,3.756,11.286,24.994,19.641,0.439,60.26,8.518,63.651,31.819,4.528,40.708,31.194,29.97,40.223,73.699,26.3,55.499,29.151,15.349,0.099,0.08,defender
275,platinum-3,12,mortonp11,0.28,31.481,0.154,28.703,38.333,310.9,65.786,8.439,3.48,12.453,32.231,13.45,0.499,56.613,6.154,70.314,27.988,1.696,39.173,31.706,28.91,40.658,72.333,27.666,55.072,26.738,18.188,0.1,0.12,defender
276,platinum-3,12,7.66E+16,0.457,42.5,0.159,21.666,43.333,345.1,36.836,8.888,3.585,12.443,32.255,15.407,0.618,61.417,8.985,57.954,39.264,2.78,31.17,36.711,35.582,33.32,69.305,30.694,45.881,30.464,23.653,0.239,0.04,striker
277,platinum-3,12,03fa7baaf84e451d90b97ccd265fc661,0.345,17.0,0.153,17.0,24.166,293.4,26.038,10.207,2.808,7.711,23.923,14.856,0.36,59.013,6.544,63.078,33.688,3.232,35.385,29.926,36.187,28.76,75.21,24.789,49.817,32.674,17.507,0.171,0.141,ball_chaser
278,platinum-3,12,4f0a241cce1247088788c5cc73593050,0.329,25.925,0.213,20.37,44.999,311.9,30.634,8.379,3.118,9.61,27.602,13.615,0.472,59.752,6.383,63.839,33.052,3.108,40.352,30.002,29.585,40.344,75.155,24.844,55.618,26.607,17.773,0.057,0.132,defender
279,platinum-3,12,7.66E+16,0.347,37.037,0.155,40.74,40.0,343.0,92.568,9.037,3.463,9.248,27.049,9.453,0.845,62.795,12.086,63.178,35.294,1.526,31.776,36.611,31.487,37.673,71.924,28.075,46.632,29.093,24.273,0.137,0.134,playmaker
280,platinum-3,12,Masta8326,0.249,26.851,0.145,45.555,20.0,247.5,34.929,7.719,2.313,7.049,25.79,9.464,0.406,60.886,5.995,62.732,34.655,2.612,32.107,34.266,33.908,33.13,73.032,26.967,49.0,28.656,22.342,0.117,0.098,playmaker
281,platinum-3,12,7.66E+16,0.453,43.75,0.2,12.5,29.5,326.1,35.427,10.297,3.26,9.852,26.886,17.613,0.544,63.804,9.698,64.229,31.316,4.454,37.059,33.771,28.634,39.15,71.317,28.682,47.526,30.09,22.382,0.093,0.08,freestyler
282,platinum-3,12,9468636bf0010900,0.47,42.407,0.152,35.74,42.499,301.3,34.936,6.373,3.994,7.114,19.712,22.858,0.674,60.247,8.634,60.903,37.049,2.047,34.434,34.43,31.52,36.076,72.723,27.276,49.754,30.383,19.861,0.113,0.148,striker
283,platinum-3,12,738ec064fc010900,0.28,37.777,0.205,21.111,23.666,323.1,50.021,7.611,3.349,8.372,28.794,18.144,0.628,60.534,8.259,59.758,35.656,4.584,33.18,33.317,36.406,31.788,69.844,30.155,52.906,28.603,18.49,0.06,0.225,freestyler
284,platinum-3,12,4ff3a00eeaa00900,0.225,20.833,0.191,22.5,22.5,254.2,64.008,10.857,3.358,2.8,12.772,11.595,0.732,67.395,13.693,57.52,41.693,0.786,42.783,31.817,20.851,53.424,74.65,25.349,56.784,26.571,16.644,0.348,0.17,defender
288,platinum-3,12,18db22c7ad04422780a3395207056d9c,0.557,40.0,0.165,18.333,38.333,375.3,99.061,11.408,3.507,22.175,49.19,10.782,0.938,66.217,13.763,67.291,31.968,0.74,29.733,37.872,33.844,32.678,71.71,28.289,46.631,26.58,26.788,0.186,0.079,striker
289,platinum-3,12,1f992ebec8f849a798ba806ffe697d0f,0.336,38.333,0.169,8.333,68.333,259.7,20.588,11.707,2.383,8.102,27.153,13.513,0.265,57.626,3.978,68.606,28.372,3.02,38.861,27.329,30.753,34.387,75.819,24.18,57.222,29.505,13.271,0.113,0.073,defender
290,platinum-3,12,7.66E+16,0.478,32.0,0.237,17.833,31.666,250.4,31.7,9.564,2.831,6.17,22.741,20.538,0.517,62.452,6.954,61.484,36.301,2.214,31.733,36.157,34.746,33.272,72.628,27.371,45.385,31.136,23.477,0.1,0.078,ball_chaser
291,platinum-3,12,831c24e7f2010900,0.34,42.142,0.14,5.714,24.166,209.4,36.62,8.08,1.56,16.962,36.901,9.177,0.219,55.408,4.498,61.441,35.934,2.624,34.747,35.716,35.947,36.829,71.198,28.801,48.19,28.904,22.905,0.02,0.22,ball_chaser
292,platinum-3,12,7.66E+16,0.442,24.166,0.174,25.833,21.249,393.6,46.582,10.762,3.642,16.425,38.429,8.202,0.682,64.091,11.022,58.918,38.256,2.824,29.473,38.696,38.196,29.108,69.511,30.488,47.637,30.624,21.737,0.154,0.101,ball_chaser
293,platinum-3,12,7.66E+16,0.113,12.5,0.412,19.791,10.0,196.8,5.485,11.652,1.592,3.281,16.583,16.358,0.052,52.63,3.249,64.134,34.567,1.297,55.262,21.908,28.176,44.197,82.027,17.972,73.255,18.117,8.626,0.0,0.064,defender
294,platinum-3,12,b230e30e00000900,0.493,45.0,0.282,21.666,39.166,230.9,22.655,7.349,2.599,4.201,19.582,15.524,0.482,59.46,5.584,55.446,41.477,3.075,33.118,34.085,33.678,35.393,70.603,29.396,52.909,25.137,21.952,0.038,0.143,striker
297,platinum-3,12,4ed81ec9f1010900,0.178,17.708,0.09,18.75,20.0,213.3,30.732,6.758,2.347,7.8,22.724,20.18,0.151,58.926,5.416,68.63,30.011,1.357,39.518,30.755,29.41,37.509,75.46,24.539,59.225,26.074,14.699,0.052,0.067,defender
298,platinum-3,12,3f09749df9764e57a47634fac7ad7987,0.222,34.629,0.23,16.111,51.666,280.3,18.577,8.088,2.918,7.629,23.424,19.208,0.354,58.843,7.008,56.263,39.84,3.895,40.04,28.645,32.093,36.701,73.909,26.09,58.499,27.169,14.331,0.072,0.02,defender
299,platinum-3,12,7.66E+16,0.338,40.0,0.219,8.75,40.333,360.6,67.383,9.452,3.541,9.564,27.675,10.719,0.53,65.182,11.785,62.401,34.595,3.002,37.616,33.799,35.254,36.207,75.187,24.812,56.785,26.495,16.718,0.152,0.171,ball_chaser
300,diamond-1,13,01ffb94aa9b24385ac77245b7774b77d,0.336,18.5,0.169,30.5,35.357,358.5,63.236,14.065,3.296,5.836,24.118,13.5,0.496,65.104,9.906,64.609,32.504,2.886,42.008,30.225,25.083,44.414,74.544,25.455,54.224,27.386,18.388,0.22,0.12,defender
301,diamond-1,13,7.66E+16,0.478,28.333,0.224,48.333,23.333,346.3,34.662,8.844,3.33,8.86,29.723,10.592,0.457,63.021,7.885,60.395,37.413,2.191,30.7,35.538,36.294,30.468,70.427,29.572,47.539,28.714,23.745,0.078,0.128,playmaker
302,diamond-1,13,7.66E+16,0.423,22.083,0.115,28.541,16.666,235.8,28.782,11.324,1.844,5.551,20.929,12.808,0.43,55.695,4.681,73.029,25.511,1.459,36.447,31.724,31.288,34.54,74.349,25.65,50.473,30.969,18.556,0.077,0.077,playmaker
303,diamond-1,13,7.66E+16,0.821,69.444,0.313,16.851,42.547,388.2,30.081,9.192,4.043,11.45,27.822,10.447,0.586,64.152,11.126,55.483,40.408,4.108,30.679,37.516,37.611,31.856,72.114,27.885,48.349,31.321,20.328,0.095,0.14,freestyler
304,diamond-1,13,7.66E+16,0.214,21.111,0.154,8.888,40.0,392.2,68.566,10.585,3.8,13.771,31.346,12.381,0.494,66.173,11.012,65.122,31.144,3.732,35.437,30.313,29.672,37.886,73.867,26.132,51.827,31.967,16.204,0.255,0.12,freestyler
305,diamond-1,13,9ca96a8bde9c48a5a38377ad42f9d154,0.451,53.541,0.13,13.75,40.166,331.9,25.001,8.897,3.425,7.223,23.756,13.814,0.773,63.086,6.514,64.645,32.729,2.624,34.668,33.39,34.391,32.53,69.879,30.12,47.083,32.037,20.879,0.176,0.142,striker
306,diamond-1,13,fdcf350300000900,0.619,49.259,0.219,8.703,26.833,207.4,23.023,11.354,2.027,4.198,16.213,11.806,0.375,57.091,4.15,70.69,27.39,1.919,38.525,30.784,32.198,35.055,77.593,22.406,56.028,27.049,16.921,0.075,0.293,striker
307,diamond-1,13,2b8743d0f5010900,0.375,28.333,0.203,3.333,32.333,264.9,28.714,8.165,2.651,8.777,25.389,12.67,0.356,59.908,5.841,63.293,34.356,2.35,42.968,28.883,30.94,36.855,75.58,24.419,56.851,27.961,15.186,0.06,0.228,defender
309,diamond-1,13,c16fa50342554860ab988446b1c6dcc2,0.576,32.291,0.238,40.625,21.666,345.6,21.145,11.173,2.916,12.025,38.511,8.197,0.519,67.439,11.127,55.294,41.754,2.95,34.638,32.027,36.43,30.534,73.214,26.785,46.485,33.563,19.951,0.1,0.18,ball_chaser
311,diamond-1,13,7.66E+16,0.476,45.0,0.196,28.518,40.833,263.7,29.833,9.161,2.296,5.979,19.388,14.575,0.668,58.452,6.728,61.98,34.88,3.139,31.619,31.284,31.095,31.465,70.868,29.131,45.907,29.299,24.793,0.02,0.114,striker
314,diamond-1,13,7.66E+16,0.38,24.166,0.18,20.0,38.666,290.6,21.32,8.96,3.12,7.38,24.04,14.128,0.72,66.747,10.119,59.683,36.502,3.813,33.636,37.144,32.562,40.062,70.486,29.513,44.583,33.464,21.952,0.06,0.16,freestyler
316,diamond-1,13,23393204762248839f6ba49d8c81faa4,0.32,22.619,0.2,42.142,28.333,348.4,45.38,12.72,3.52,6.284,23.329,18.687,0.66,62.36,8.463,64.402,33.704,1.893,31.805,35.552,32.398,36.159,66.807,33.192,47.678,30.042,22.279,0.26,0.12,enforcer
318,diamond-1,13,b854e09c06364b308a6a960564e57282,0.347,22.5,0.157,25.0,41.666,318.8,35.601,11.756,3.039,7.292,27.982,11.378,0.332,63.078,9.722,68.252,29.302,2.445,38.146,30.151,29.609,39.19,77.168,22.831,44.501,34.896,20.602,0.097,0.097,playmaker
320,diamond-1,13,7.66E+16,0.4,22.916,0.18,37.5,31.666,313.0,20.4,10.48,2.92,14.721,37.34,12.539,0.76,59.83,7.328,62.241,35.308,2.449,29.806,36.23,37.08,29.052,69.338,30.661,48.742,30.215,21.042,0.26,0.2,enforcer
321,diamond-1,13,7.66E+16,0.386,18.518,0.368,24.074,13.333,371.9,41.76,11.212,3.144,16.869,36.98,5.694,0.581,62.582,8.649,60.936,35.711,3.352,36.315,34.102,34.606,34.623,72.361,27.638,53.928,26.652,19.418,0.157,0.071,defender
322,diamond-1,13,7.66E+16,0.525,50.0,0.197,0.0,35.833,160.4,17.151,11.598,1.43,1.093,6.65,17.675,0.35,58.365,4.046,69.452,29.688,0.859,39.014,30.506,26.471,42.055,74.127,25.872,56.315,28.357,15.326,0.097,0.137,striker
323,diamond-1,13,7.66E+16,0.243,11.111,0.215,33.333,10.0,250.5,21.451,7.535,2.889,6.669,17.602,17.023,0.638,55.856,5.299,66.098,32.417,1.484,34.504,35.296,33.952,37.01,72.204,27.795,49.156,30.475,20.367,0.191,0.14,playmaker
324,diamond-1,13,7.66E+16,0.453,43.75,0.2,12.5,29.5,326.1,35.427,10.297,3.26,9.852,26.886,17.613,0.544,63.804,9.698,64.229,31.316,4.454,37.059,33.771,28.634,39.15,71.317,28.682,47.526,30.09,22.382,0.093,0.08,freestyler
325,diamond-1,13,TonyTonto,0.484,31.083,0.156,16.583,55.0,454.4,93.144,8.86,4.994,13.058,33.597,9.115,0.796,70.534,16.601,58.879,37.617,3.503,33.488,34.307,37.546,32.589,73.201,26.798,49.112,28.577,22.309,0.159,0.352,ball_chaser
326,diamond-1,13,770f962bfd010900,0.262,6.25,0.236,37.5,10.0,244.4,42.181,8.457,2.998,4.676,15.523,27.262,0.254,57.856,6.082,67.5,29.74,2.759,40.675,30.743,27.225,43.053,71.435,28.564,58.489,25.349,16.16,0.12,0.1,defender
327,diamond-1,13,7a418814f9010900,0.311,19.047,0.096,33.333,20.0,312.0,15.882,10.224,3.12,7.449,23.569,12.826,0.503,57.365,5.433,65.037,32.036,2.925,35.167,33.91,33.133,34.678,70.264,29.735,51.611,27.226,21.162,0.08,0.107,playmaker
330,platinum-2,11,8e3e8deb25344a6f864b95db825db92f,0.274,20.833,0.232,19.791,20.0,291.2,29.051,9.645,2.97,9.274,24.231,13.185,0.433,63.152,10.234,55.482,40.519,3.998,36.151,31.858,32.37,36.233,74.121,25.878,50.338,30.282,19.379,0.12,0.118,freestyler
331,platinum-2,11,DonDieselShifty,0.337,15.0,0.125,12.5,13.333,276.6,53.312,7.08,3.448,7.463,20.327,20.69,0.746,62.434,8.026,69.332,28.187,2.479,38.651,32.039,32.358,37.931,70.967,29.032,52.259,27.933,19.807,0.194,0.125,enforcer
332,platinum-2,11,aa4db3e2ec60fb51,0.335,22.38,0.157,11.666,26.666,363.0,48.082,7.348,3.738,15.696,35.787,11.811,0.649,62.513,12.212,52.986,45.036,1.976,33.367,36.747,34.665,36.142,68.741,31.258,48.525,28.789,22.684,0.159,0.1,enforcer
334,platinum-2,11,Naamtaar,0.217,35.833,0.193,17.5,39.999,251.5,13.336,8.118,2.39,4.954,19.61,15.077,0.412,59.543,4.807,63.882,32.633,3.483,36.559,33.009,30.437,37.995,71.019,28.98,51.797,28.563,19.638,0.115,0.148,freestyler
335,platinum-2,11,Deja_fan,0.399,15.833,0.12,7.5,30.0,369.4,84.84,8.6,3.76,10.046,24.771,10.817,0.92,60.352,8.561,66.001,31.938,2.059,28.285,38.327,33.589,33.321,64.859,35.14,45.643,29.879,24.477,0.26,0.14,enforcer
336,platinum-2,11,7.66E+16,0.414,20.666,0.393,15.833,20.666,243.0,24.562,9.989,2.244,7.08,20.172,15.758,0.422,59.621,6.103,63.635,33.646,2.717,40.798,30.066,31.123,37.84,75.683,24.316,55.872,28.496,15.631,0.047,0.141,defender
337,platinum-2,11,7.66E+16,0.422,41.666,0.168,30.333,26.666,302.1,33.205,9.058,3.068,4.849,20.696,16.317,0.653,61.469,6.868,64.199,32.933,2.866,32.527,35.717,30.376,36.677,72.273,27.726,44.039,31.272,24.688,0.117,0.08,playmaker
338,platinum-2,11,57e4bc0dde3048a8956b56767eab9a21,0.488,38.214,0.095,13.69,32.499,301.1,39.426,10.752,3.076,13.56,37.182,7.347,0.521,60.591,7.195,65.294,33.438,1.266,27.062,41.478,35.72,31.137,67.437,32.562,42.552,31.078,26.369,0.118,0.135,ball_chaser
339,platinum-2,11,*************,0.569,31.785,0.12,32.857,24.952,236.6,25.424,10.074,2.227,8.801,28.214,14.604,0.497,56.778,5.883,65.545,32.343,2.111,34.517,32.532,35.667,30.163,72.391,27.608,47.347,29.464,23.187,0.1,0.12,playmaker
341,platinum-2,11,79323b0800000900,0.317,21.0,0.1,27.5,29.999,148.6,33.789,8.404,1.144,5.292,18.128,12.987,0.228,56.595,3.329,70.28,27.748,1.971,28.563,38.061,32.247,33.287,67.633,32.366,46.217,30.165,23.616,0.04,0.158,playmaker
342,platinum-2,11,novahkiin26,0.282,27.083,0.238,26.041,33.333,333.4,23.887,7.66,2.85,21.926,42.775,7.472,0.479,59.634,6.065,61.829,36.115,2.055,31.757,34.915,37.132,29.091,73.911,26.088,50.681,28.827,20.49,0.02,0.141,ball_chaser
343,platinum-2,11,a8af419cfd1c43a5ad4123e2ab0740bf,0.426,43.333,0.281,15.833,35.333,199.0,32.466,8.202,2.217,3.041,14.588,24.229,0.423,61.013,6.656,71.706,26.871,1.422,35.952,33.664,32.435,35.375,75.752,24.247,51.799,30.019,18.181,0.1,0.077,striker
344,platinum-2,11,0f0a1768fe010900,0.47,48.333,0.06,10.833,68.333,372.6,61.712,10.058,3.565,21.431,42.847,8.079,0.526,64.991,10.814,57.56,38.871,3.567,32.43,34.308,35.033,33.398,71.227,28.772,47.553,30.681,21.765,0.04,0.02,freestyler
345,platinum-2,11,31566c9732d64e818b91a2e86a2ca171,0.492,41.666,0.198,11.666,34.5,402.7,87.306,10.451,4.673,10.916,30.869,16.501,0.977,61.873,10.536,70.131,28.735,1.132,37.753,34.067,32.01,39.116,73.049,26.95,52.436,27.799,19.764,0.237,0.138,striker
346,platinum-2,11,f831530000000900,0.409,38.333,0.137,21.666,25.0,314.5,73.558,10.927,3.071,9.154,28.249,9.515,0.546,61.991,8.0,67.156,29.17,3.673,30.69,34.422,38.004,28.053,71.04,28.959,50.135,27.933,21.93,0.197,0.117,ball_chaser
348,platinum-2,11,a2833c8aad0446b595735b40e1cd0b53,0.355,19.166,0.19,20.0,23.333,342.4,17.179,8.358,3.815,10.991,29.83,15.01,0.555,61.134,7.062,65.127,33.057,1.814,43.007,28.048,28.158,40.814,78.717,21.282,54.329,30.963,14.707,0.06,0.105,defender
349,platinum-2,11,7.66E+16,0.291,30.0,0.16,9.166,34.999,273.6,61.695,7.925,3.237,8.962,27.592,14.847,0.629,61.652,8.428,62.094,35.834,2.071,31.398,37.409,32.065,36.44,67.274,32.725,46.389,30.77,22.839,0.146,0.115,enforcer
352,platinum-2,11,f9df37f4e69147ff982f95d78fa0023c,0.545,45.925,0.108,16.481,34.142,301.4,23.299,10.526,3.154,6.376,21.394,15.842,0.593,63.313,6.113,63.462,33.71,2.827,26.656,36.963,31.7,35.577,70.397,29.602,45.393,31.378,23.227,0.124,0.064,striker
353,platinum-2,11,3d38245751f045659703a4417ebacdf6,0.33,30.0,0.13,15.0,26.666,344.0,96.5,10.548,3.738,10.677,27.304,19.039,0.606,63.43,10.665,67.344,31.288,1.367,32.048,35.13,31.624,35.285,69.17,30.829,49.673,28.259,22.066,0.471,0.118,enforcer
354,platinum-2,11,e09f790100000900,0.536,17.5,0.161,37.5,9.555,264.5,46.16,8.278,2.747,7.378,24.259,16.251,0.27,60.86,7.219,64.042,34.515,1.441,34.685,35.182,28.893,39.797,70.317,29.682,50.419,28.201,21.379,0.02,0.085,playmaker
355,platinum-2,11,51e00497f2010900,0.36,26.666,0.18,41.666,29.999,269.7,52.87,10.281,2.435,6.177,19.783,19.526,0.56,59.726,8.265,63.76,34.277,1.961,32.108,35.123,35.144,32.652,70.804,29.195,47.723,30.404,21.872,0.12,0.07,playmaker
356,platinum-2,11,HMK-1-,0.324,40.0,0.158,31.666,47.5,286.6,32.946,7.75,2.837,14.153,30.785,8.769,0.368,61.526,9.252,60.629,37.562,1.807,33.678,35.439,34.24,32.156,71.895,28.104,51.026,27.957,21.016,0.117,0.06,striker
358,platinum-2,11,e37170e9f9010900,0.104,10.0,0.197,19.166,10.0,196.1,25.297,8.047,2.184,4.143,16.084,16.199,0.27,48.56,2.721,80.081,18.686,1.232,42.977,29.831,26.509,44.66,74.604,25.395,58.007,27.918,14.074,0.035,0.214,defender
362,platinum-1,10,1379b86bd5a84b89aa6858e8928042b0,0.423,36.0,0.189,15.0,25.833,295.6,34.917,10.647,2.755,9.484,30.872,15.202,0.594,63.099,10.027,61.287,36.889,1.822,31.962,34.721,32.984,31.476,68.89,31.109,49.211,27.663,23.125,0.479,0.098,enforcer
366,platinum-1,10,7.66E+16,0.236,40.476,0.06,16.666,41.666,204.6,29.644,9.961,1.583,8.29,28.957,10.066,0.296,59.417,4.919,65.137,30.462,4.4,36.833,33.913,32.13,38.692,70.855,29.144,48.491,30.761,20.746,0.096,0.113,freestyler
367,platinum-1,10,6beb1aadd1da0900,0.344,25.37,0.118,27.222,38.333,224.5,40.972,7.463,2.401,6.123,16.7,16.397,0.187,58.478,5.655,68.424,30.192,1.383,35.809,30.759,31.462,34.383,74.431,25.568,54.165,29.316,16.518,0.131,0.165,playmaker
368,platinum-1,10,65ee7107ff7b4777b57ccdb01808ab4b,0.492,59.047,0.152,8.928,65.619,337.4,36.747,10.499,3.262,9.546,30.29,13.12,0.636,62.808,8.108,63.963,33.629,2.406,36.34,31.867,39.202,29.516,75.816,24.183,48.337,29.662,22.0,0.152,0.08,striker
369,platinum-1,10,7.66E+16,0.399,22.222,0.279,33.333,16.666,382.4,55.938,8.962,3.952,13.855,30.446,12.519,0.599,61.443,9.846,66.388,32.174,1.437,36.872,33.005,31.482,37.47,75.711,24.288,60.289,24.213,15.497,0.099,0.08,defender
370,platinum-1,10,7.66E+16,0.298,50.0,0.159,25.0,23.333,350.2,62.359,8.662,3.572,13.669,32.286,11.568,0.478,59.886,7.962,65.955,32.337,1.707,22.738,35.689,40.952,18.755,73.328,26.671,50.881,28.938,20.179,0.159,0.159,ball_chaser
371,platinum-1,10,8f6405fd66db4825b57e7c313302b722,0.179,27.777,0.02,11.111,10.0,184.4,34.588,9.622,1.736,5.553,16.883,17.466,0.279,55.039,5.2,71.351,27.524,1.123,41.311,30.56,26.679,44.892,74.985,25.014,63.553,22.887,13.559,0.04,0.099,defender
372,platinum-1,10,43854d4a2a35453ab1cb20dc71e114a4,0.28,43.75,0.323,10.416,37.5,227.7,26.599,8.973,1.663,16.892,35.321,11.016,0.323,54.256,3.512,69.75,28.489,1.759,34.145,33.162,35.609,30.616,70.652,29.347,50.17,27.285,22.544,0.169,0.272,ball_chaser
374,platinum-1,10,7.66E+16,0.51,37.291,0.04,19.791,28.666,321.0,24.302,10.01,3.187,11.882,30.582,12.589,0.512,64.373,8.969,58.646,38.053,3.3,35.697,32.567,31.88,36.581,73.448,26.551,46.124,32.595,21.279,0.257,0.06,freestyler
375,platinum-1,10,639dfa30f73f4ffd802504f271eb31d4,0.416,35.185,0.14,22.222,33.333,261.6,26.185,10.758,2.579,3.56,23.945,14.635,0.477,56.586,6.922,61.986,35.695,2.318,34.221,35.172,35.757,34.656,72.633,27.366,54.55,24.926,20.523,0.1,0.059,ball_chaser
376,platinum-1,10,TonyMontanaDL,0.197,13.888,0.04,8.333,20.0,229.7,16.228,6.931,2.86,7.917,21.87,20.597,0.216,62.282,8.157,61.753,37.29,0.956,26.847,37.657,37.063,28.898,70.159,29.84,50.681,30.831,18.487,0.076,0.177,ball_chaser
377,platinum-1,10,f01bdb64f0010900,0.52,27.142,0.216,28.333,22.142,261.2,54.674,9.87,2.703,6.448,20.853,18.909,0.776,59.682,7.787,65.335,32.135,2.528,37.824,32.84,28.223,40.352,70.212,29.787,49.649,28.847,21.503,0.569,0.153,enforcer
378,platinum-1,10,9fde564e0529484ea075505905b1cf89,0.553,35.925,0.26,39.629,39.999,366.0,27.479,7.608,3.921,10.182,28.546,13.367,0.633,61.291,8.829,60.035,37.113,2.85,30.744,37.797,39.101,32.033,68.444,31.555,47.987,28.779,23.232,0.12,0.18,ball_chaser
379,platinum-1,10,7.66E+16,0.237,26.851,0.157,13.888,49.166,284.1,87.064,9.614,2.931,6.413,24.577,17.055,0.64,57.643,9.88,73.705,25.473,0.821,43.176,33.238,25.096,49.068,71.741,28.258,53.203,23.786,23.01,0.502,0.02,defender
380,platinum-1,10,c1d724c130d64daa86311e6debef33e3,0.12,15.833,0.08,21.5,15.0,198.2,28.081,7.374,2.08,7.653,22.427,13.668,0.227,56.847,4.688,69.554,28.74,1.705,32.23,28.59,27.636,32.636,69.666,30.333,51.88,30.849,17.269,0.073,0.107,playmaker
382,platinum-1,10,hovergrave412,0.227,24.833,0.04,12.5,41.666,306.0,75.939,5.66,3.891,11.251,29.647,21.015,0.452,58.108,8.118,67.708,30.544,1.746,44.002,28.616,22.63,47.565,71.408,28.591,58.918,23.934,17.146,0.215,0.04,defender
383,platinum-1,10,3d38245751f045659703a4417ebacdf6,0.33,30.0,0.13,15.0,26.666,344.0,96.5,10.548,3.738,10.677,27.304,19.039,0.606,63.43,10.665,67.344,31.288,1.367,32.048,35.13,31.624,35.285,69.17,30.829,49.673,28.259,22.066,0.471,0.118,enforcer
385,platinum-1,10,ab0cddb9998c4b579b2c91d0510cbfb9,0.504,47.333,0.146,6.0,41.666,223.1,7.574,12.217,1.954,5.629,19.726,14.564,0.375,55.73,3.6,67.946,30.484,1.569,35.84,33.08,29.42,38.815,74.989,25.01,49.013,32.222,18.763,0.077,0.04,striker
387,platinum-1,10,31566c9732d64e818b91a2e86a2ca171,0.492,41.666,0.198,11.666,34.5,402.7,87.306,10.451,4.673,10.916,30.869,16.501,0.977,61.873,10.536,70.131,28.735,1.132,37.753,34.067,32.01,39.116,73.049,26.95,52.436,27.799,19.764,0.237,0.138,striker
391,gold-3,9,7.66E+16,0.294,12.333,0.055,11.166,26.666,238.9,34.976,11.222,1.804,11.408,38.993,7.066,0.354,58.3,4.477,58.564,39.83,1.604,39.04,30.71,27.411,40.422,72.646,27.353,52.084,25.535,22.379,0.179,0.055,defender
394,gold-3,9,e8ca717532d74616bb2848b4a7fa7fe0,0.399,26.166,0.069,36.166,39.166,278.0,21.266,11.528,2.319,11.215,34.823,5.106,0.259,60.221,6.157,59.134,39.464,1.4,31.895,33.825,34.765,31.812,72.126,27.873,44.424,30.384,25.191,0.109,0.129,playmaker
395,gold-3,9,c4fd2a3c50dc47168c93703fa2f188b0,0.62,55.666,0.246,24.0,54.523,317.5,26.359,10.689,3.278,9.886,27.251,12.235,0.58,59.721,6.784,65.743,31.436,2.819,36.153,32.996,32.81,34.316,73.133,26.866,49.319,30.765,19.915,0.188,0.039,freestyler
396,gold-3,9,KurtKnoedel,0.47,29.333,0.227,10.666,31.833,404.6,51.267,11.444,3.919,13.038,36.959,8.228,0.909,60.286,9.442,60.631,36.193,3.174,29.132,37.901,34.504,34.432,68.244,31.755,47.347,28.39,24.262,0.286,0.02,freestyler
398,gold-3,9,BadPapa22,0.203,6.666,0.17,11.666,12.5,212.8,36.588,7.632,2.114,16.042,38.021,12.818,0.174,51.93,3.773,71.49,27.16,1.349,46.129,27.723,28.995,42.38,75.288,24.711,62.732,23.946,13.321,0.083,0.063,defender
399,gold-3,9,ca37657503b046ddb45abfb11c5d647c,0.28,53.333,0.13,0.0,44.166,224.5,24.581,10.747,1.84,9.55,27.527,9.77,0.422,59.695,6.661,60.145,37.919,1.934,35.416,32.882,30.432,37.694,72.096,27.903,48.034,30.637,21.328,0.115,0.055,striker
400,gold-3,9,643b96e8fc010900,0.368,34.166,0.079,5.0,48.333,380.2,65.422,8.411,3.756,18.687,31.368,11.155,0.704,63.056,11.857,59.681,37.762,2.556,37.889,31.505,32.537,36.381,68.985,31.014,48.966,29.001,22.032,0.133,0.069,freestyler
401,gold-3,9,Briansitoo707,0.177,24.074,0.097,37.037,35.0,187.2,38.614,7.608,1.497,16.832,39.505,10.55,0.307,59.378,5.995,69.879,28.701,1.418,22.626,42.607,31.438,34.107,61.978,38.021,46.093,30.774,23.131,0.076,0.02,playmaker
403,gold-3,9,7.66E+16,0.445,20.333,0.176,13.666,30.0,374.0,128.006,8.79,6.01,7.346,20.266,26.02,1.582,66.413,19.977,71.882,26.53,1.586,41.46,35.044,22.102,53.223,70.66,29.339,54.488,23.731,21.779,0.378,0.072,defender
404,gold-3,9,415a0b3de6074b8889583d601767610c,0.59,67.083,0.092,8.333,42.261,374.4,87.041,10.645,3.262,26.193,52.636,7.849,0.661,60.073,7.746,61.302,37.075,1.622,33.714,37.053,34.046,35.064,67.97,32.029,43.602,29.516,26.88,0.328,0.02,striker
406,gold-3,9,31566c9732d64e818b91a2e86a2ca171,0.492,41.666,0.198,11.666,34.5,402.7,87.306,10.451,4.673,10.916,30.869,16.501,0.977,61.873,10.536,70.131,28.735,1.132,37.753,34.067,32.01,39.116,73.049,26.95,52.436,27.799,19.764,0.237,0.138,striker
407,gold-3,9,8007f138d38fea09,0.298,39.259,0.128,17.037,40.0,331.1,49.946,11.703,3.384,8.659,21.416,9.949,0.461,58.13,9.537,68.123,29.764,2.111,41.742,32.007,35.585,38.061,73.379,26.62,57.806,23.535,18.657,0.273,0.08,defender
409,gold-3,9,329f210b00000900,0.332,20.833,0.198,16.666,19.166,214.9,48.102,8.68,2.5,6.502,20.613,16.896,0.486,59.034,5.691,62.008,36.597,1.394,28.475,39.242,34.258,33.481,65.742,34.257,46.941,30.014,23.044,0.174,0.097,enforcer
410,gold-3,9,7.66E+16,0.263,25.308,0.299,9.259,35.0,343.9,61.714,8.052,3.495,26.194,43.313,10.161,0.386,58.791,6.519,67.689,30.162,2.148,47.784,32.296,37.444,43.422,75.083,24.916,58.089,27.133,14.777,0.067,0.115,defender
412,gold-3,9,************,0.349,22.5,0.1,42.5,14.999,328.1,31.478,9.163,3.212,10.967,29.707,11.582,0.432,61.447,8.268,61.594,35.25,3.154,31.323,34.38,34.127,31.451,71.84,28.159,50.27,30.736,18.992,0.06,0.04,playmaker
413,gold-3,9,197795ebfc66444ab84439a94f5c3a1d,0.256,25.833,0.098,12.5,33.333,370.2,120.431,9.397,4.01,13.679,28.247,14.057,1.081,67.452,16.007,64.859,32.559,2.581,28.978,39.429,29.305,39.722,66.645,33.354,40.465,31.543,27.99,0.351,0.117,enforcer
414,gold-3,9,7.66E+16,0.286,23.333,0.094,5.833,30.0,323.9,85.827,10.457,3.12,9.623,28.726,12.783,1.009,58.965,7.179,70.141,28.294,1.563,33.245,37.239,30.685,38.238,66.839,33.16,46.577,27.597,25.825,0.546,0.08,enforcer
415,gold-3,9,4242fe0000000900,0.475,48.333,0.095,11.666,42.333,218.7,43.035,7.008,2.503,5.39,18.47,18.369,0.339,56.873,4.493,67.961,30.244,1.793,29.26,37.354,30.825,37.521,70.315,29.684,45.153,32.282,22.563,0.159,0.099,striker
416,gold-3,9,df6ef18bbc3a4f5996f9e6a8ac7f6930,0.321,38.333,0.106,5.833,61.666,324.3,51.788,8.464,3.382,12.561,28.213,13.235,0.263,59.773,7.718,68.878,28.918,2.202,36.61,29.138,31.327,32.722,74.084,25.915,54.186,28.736,17.077,0.131,0.079,striker
417,gold-3,9,f49269c6398b4179955b2b31ce0faeb1,0.2,15.185,0.178,19.814,26.666,269.2,62.281,10.787,2.126,15.265,39.608,7.012,0.297,54.499,5.435,71.721,26.919,1.358,38.856,32.183,27.867,41.039,72.388,27.611,52.866,28.911,18.222,0.06,0.178,defender
419,gold-3,9,590659dbf7010900,0.232,37.5,0.056,19.166,58.333,242.5,40.15,8.828,2.986,12.476,28.811,11.644,0.741,56.886,5.732,62.326,36.107,1.566,33.87,37.851,32.736,37.98,68.41,31.589,49.213,27.586,23.199,0.15,0.0,playmaker
420,gold-2,8,8d973b628a5f4cf2a94b8e2325606656,0.376,53.518,0.2,13.888,58.999,359.4,48.196,9.736,4.038,10.019,26.678,11.989,0.4,65.352,11.615,66.149,31.854,1.995,41.077,31.684,30.267,41.63,75.209,24.79,53.055,30.484,16.459,0.04,0.12,striker
422,gold-2,8,mikestat23,0.278,25.833,0.164,25.833,23.333,159.1,21.178,7.671,1.811,5.234,15.47,19.037,0.412,52.321,3.152,73.597,25.061,1.341,39.99,28.997,30.061,37.834,77.541,22.458,57.333,28.28,14.385,0.039,0.219,playmaker
423,gold-2,8,46081687c51e444ea2fcdd22566da78e,0.638,49.285,0.191,18.333,51.249,275.5,46.997,10.363,3.017,7.051,22.266,20.924,0.913,60.943,8.381,69.415,29.38,1.203,40.726,35.063,34.067,41.684,69.537,30.462,49.837,28.445,21.717,0.503,0.156,enforcer
424,gold-2,8,b96de12aa76e4b44a8989d8c9699a10c,0.388,27.833,0.139,18.166,44.833,280.9,88.015,7.169,3.575,7.914,19.604,24.043,0.721,63.599,9.685,68.392,29.206,2.401,38.495,30.9,32.656,37.395,73.348,26.651,49.257,28.098,22.644,0.291,0.1,enforcer
425,gold-2,8,17adc134ec4147e3bf5ca6a068a709f6,0.291,14.5,0.1,12.333,23.333,214.6,71.541,8.14,2.409,7.307,18.582,10.578,0.612,58.052,6.426,70.188,23.107,6.704,33.379,38.235,30.318,43.437,65.404,34.595,49.707,25.846,24.446,0.338,0.122,enforcer
427,gold-2,8,f2f52fe28a2c49e18dbfaf7d7bb428d0,0.417,30.333,0.134,34.0,53.0,320.6,19.211,10.16,3.296,12.223,23.847,7.56,0.813,59.817,4.432,69.346,29.065,1.588,28.113,40.747,43.699,27.13,68.025,31.974,43.389,32.893,23.716,0.294,0.06,enforcer
429,gold-2,8,97dc5f8324ab4c15911ae8d31234c19a,0.639,38.015,0.054,19.285,38.111,406.8,112.954,10.156,4.153,19.28,43.529,13.136,0.745,62.334,11.705,67.545,31.275,1.179,35.848,37.174,37.658,32.762,74.163,25.836,43.67,29.426,26.903,0.224,0.111,striker
430,gold-2,8,c1d724c130d64daa86311e6debef33e3,0.12,15.833,0.08,21.5,15.0,198.2,28.081,7.374,2.08,7.653,22.427,13.668,0.227,56.847,4.688,69.554,28.74,1.705,32.23,28.59,27.636,32.636,69.666,30.333,51.88,30.849,17.269,0.073,0.107,playmaker
435,gold-2,8,ca37657503b046ddb45abfb11c5d647c,0.28,53.333,0.13,0.0,44.166,224.5,24.581,10.747,1.84,9.55,27.527,9.77,0.422,59.695,6.661,60.145,37.919,1.934,35.416,32.882,30.432,37.694,72.096,27.903,48.034,30.637,21.328,0.115,0.055,striker
436,gold-2,8,415a0b3de6074b8889583d601767610c,0.59,67.083,0.092,8.333,42.261,374.4,87.041,10.645,3.262,26.193,52.636,7.849,0.661,60.073,7.746,61.302,37.075,1.622,33.714,37.053,34.046,35.064,67.97,32.029,43.602,29.516,26.88,0.328,0.02,enforcer
437,gold-2,8,0dbbb5999bbd4059b65e0cdd56832c59,0.291,40.833,0.262,17.5,44.999,216.2,28.501,11.749,1.884,9.151,28.585,14.572,0.3,56.595,6.1,66.724,31.974,1.301,41.755,29.013,26.519,43.701,74.166,25.833,59.424,25.087,15.487,0.045,0.112,defender
440,gold-2,8,7.66E+16,0.26,13.888,0.04,25.925,20.0,274.3,59.24,7.44,2.88,12.453,28.928,16.555,0.46,61.16,8.293,64.005,33.863,2.131,39.836,32.587,29.862,40.484,72.692,27.307,54.446,27.923,17.63,0.22,0.04,playmaker
442,gold-2,8,462f6d87467f4626b7ea2c8d6951a7fe,0.297,35.166,0.14,13.666,48.333,472.6,83.796,15.614,3.654,31.646,62.751,5.126,1.286,67.626,16.903,50.967,47.808,1.223,32.029,37.285,31.03,36.964,73.617,26.382,41.693,30.347,27.958,0.393,0.06,enforcer
443,gold-2,8,3d1cef70f3010900,0.282,26.785,0.184,23.75,41.0,324.3,34.444,9.128,3.057,18.473,40.064,8.93,0.318,64.93,10.868,54.872,41.713,3.414,30.154,39.234,37.605,32.156,67.465,32.534,51.159,26.058,22.781,0.16,0.092,freestyler
445,gold-2,8,7.66E+16,0.992,51.738,0.198,29.761,37.999,372.5,34.742,7.896,3.993,9.275,27.241,16.068,0.678,62.278,8.383,62.087,35.567,2.344,37.918,34.552,38.989,33.353,76.821,23.178,47.126,28.689,24.183,0.158,0.12,striker
447,gold-2,8,15a1bd239f9a40189cc48e52d6b5578e,0.492,39.38,0.275,27.0,33.333,260.1,25.139,10.976,1.988,10.374,34.24,9.064,0.317,56.96,4.884,65.956,31.964,2.078,39.728,34.76,32.526,40.219,74.799,25.2,49.485,27.564,22.949,0.155,0.138,playmaker
448,gold-2,8,6b84af0abdb94f59b3f5e7585f455b2d,0.31,20.0,0.2,25.0,25.0,165.8,33.816,8.618,1.376,6.899,17.568,17.324,0.16,52.313,3.921,71.958,26.476,1.564,56.855,29.965,32.736,51.54,82.558,17.441,63.88,25.08,11.039,0.02,0.08,defender
450,gold-1,7,6991ed8cc0c94fd4b8db32530d6e5f7e,0.7,62.5,0.18,7.407,48.999,427.4,47.52,7.02,4.52,24.448,41.792,10.354,0.66,61.365,9.157,56.362,41.334,2.303,47.299,55.115,59.238,43.143,68.917,31.082,48.911,29.595,21.493,0.14,0.16,ball_chaser
451,gold-1,7,a1451ead38a1437d872360844dc7c148,0.833,48.437,0.073,20.386,58.124,374.062,62.097,8.373,3.685,20.098,39.225,10.183,0.735,59.067,9.3,61.219,36.672,2.107,49.975,53.973,52.969,50.953,69.736,30.263,45.24,28.558,26.201,0.136,0.149,ball_chaser
457,gold-1,7,7.66E+16,0.737,55.714,0.158,17.328,37.857,285.1,36.936,10.739,2.939,10.855,30.386,12.685,0.507,57.93,6.093,71.134,27.579,1.285,49.772,51.965,56.232,45.472,73.123,26.876,46.876,27.887,25.236,0.08,0.12,ball_chaser
458,gold-1,7,3b3085d10e504c3482af580b3c44e5da,0.66,61.666,0.14,10.833,48.19,248.6,45.74,8.7,3.18,6.164,18.499,20.954,0.54,58.469,5.911,68.25,30.376,1.373,52.273,52.979,49.656,55.56,71.732,28.267,46.538,29.99,23.47,0.08,0.06,striker
459,gold-1,7,ed8b5f8d233d4a18a98e21eae6582f74,0.755,50.0,0.178,22.5,53.023,227.2,19.286,8.709,2.754,3.167,17.807,16.374,0.552,56.069,3.883,72.885,26.09,1.024,53.575,49.739,46.202,56.861,73.276,26.723,48.287,30.111,21.6,0.04,0.1,striker
460,gold-1,7,*************,0.846,51.476,0.354,19.0,33.964,381.3,54.194,9.974,4.256,10.656,26.325,14.036,0.593,65.573,13.159,59.449,36.554,3.995,50.933,49.276,48.555,51.701,76.274,23.725,48.222,31.117,20.66,0.038,0.218,freestyler
461,gold-1,7,9e538764ddaf47179b97f29367301725,0.654,60.0,0.285,18.333,52.499,209.1,27.697,10.038,1.574,9.045,30.004,13.544,0.261,53.647,4.742,69.517,29.591,0.891,61.191,40.06,43.202,58.04,74.391,25.608,53.203,29.741,17.055,0.037,0.04,defender
462,gold-1,7,fc50289486214e909e6d46a55b657dbf,0.496,37.5,0.108,22.5,54.999,382.7,93.884,9.048,3.706,25.884,47.11,8.956,0.593,59.33,6.647,66.692,30.838,2.469,39.264,61.697,59.906,41.059,63.434,36.565,47.141,29.282,23.576,0.265,0.115,ball_chaser
469,gold-1,7,7.66E+16,0.539,38.333,0.128,25.833,40.714,339.4,98.091,8.384,4.952,7.125,20.019,27.871,0.678,60.6,9.754,73.763,24.561,1.674,53.118,46.99,43.357,56.745,77.048,22.951,53.001,30.899,16.098,0.135,0.175,defender
473,gold-1,7,35bf521a991d4725bde8930ce3e52b9e,0.496,29.833,0.231,12.833,29.523,291.7,28.453,6.83,3.262,9.5,26.816,18.168,0.608,57.526,5.369,63.622,34.358,2.018,47.505,52.758,55.729,44.555,74.153,25.846,51.68,28.483,19.836,0.181,0.214,ball_chaser
474,gold-1,7,799fafb72ed7487185537389a745d2f2,0.416,70.166,0.249,5.333,76.666,318.4,36.944,7.783,3.117,15.956,33.34,15.892,0.222,58.326,6.141,65.222,33.231,1.545,53.799,47.378,44.801,56.345,74.61,25.389,55.191,28.349,16.458,0.147,0.095,striker
