index,rank,rank-no,player_id,core_shots,core_goals,core_saves,core_assists,core_shooting_percentage,boost_bpm,boost_count_stolen_big,movement_avg_speed_percentage,movement_percent_supersonic_speed,movement_percent_ground,movement_percent_high_air,positioning_percent_most_back,positioning_percent_most_forward,positioning_percent_closest_to_ball,positioning_percent_farthest_from_ball,positioning_percent_behind_ball,positioning_percent_infront_ball,positioning_percent_defensive_third,positioning_percent_offensive_third,demo_inflicted,playstyle
1,supersonic-legend,22,7.66E+16,0.618,23.333,0.344,28.333,21.999,356.4,0.579,64.691,14.672,49.775,8.033,34.606,34.162,31.889,38.086,74.061,25.938,42.876,24.212,0.057,
2,supersonic-legend,22,7.66E+16,0.739,31.481,0.26,35.185,21.666,425.3,0.7,69.956,18.583,51.997,8.126,32.437,36.097,36.947,29.935,71.293,28.706,44.052,23.735,0.14,
3,supersonic-legend,22,7.66E+16,0.534,27,0.234,42.666,18.333,397.1,0.614,67.16,16.219,52.867,7.116,37.884,30.117,33.829,33.01,74.734,25.265,50.78,17.719,0.294,
4,supersonic-legend,22,7.66E+16,0.514,27.777,0.263,16.666,22.499,471.5,1.018,67.695,15.149,53.634,6.459,30.287,36.811,33.268,32.203,67.487,32.512,42.696,23.745,0.15,
5,supersonic-legend,22,7.66E+16,0.56,35.833,0.2,35,23.19,448.4,0.859,67.865,19.033,48.823,6.943,32.779,33.513,35.445,30.987,71.829,28.17,44.601,22.506,0.12,
6,supersonic-legend,22,cf78e7f3566c440192a2b2dd4d957cdb,0.38,22.222,0.387,37.962,25.357,461.1,0.61,69.573,18.753,55.187,5.952,40.698,26.295,28.788,38.068,75.973,24.026,49.851,17.428,0.324,
7,supersonic-legend,22,7.66E+16,0.393,43.333,0.209,20,36.666,374.7,0.292,63.56,11.048,54.726,7.999,38.929,30.456,30.543,38.35,73.204,26.795,51.467,15.662,0.232,
8,supersonic-legend,22,7.66E+16,0.541,66.296,0.22,13.888,48.5,379.9,0.449,65.547,13.734,53.36,5.928,36.08,32.655,34.733,32.304,74.44,25.559,51.922,17.97,0.299,
9,supersonic-legend,22,7.66E+16,0.416,25,0.154,40,14.166,422.1,0.599,67.839,16.761,60.421,6.105,30.428,37.089,33.326,33.39,67.709,32.29,45.297,18.915,0.388,
10,supersonic-legend,22,7.66E+16,0.731,52.592,0.202,30.185,31.023,379.3,0.522,64.308,10.827,55.13,7.074,35.153,30.933,34.044,32.133,72.11,27.889,48.06,21.002,0.271,
11,supersonic-legend,22,7.66E+16,0.736,27.777,0.288,25,18.166,475.5,0.952,70.643,22.633,51.489,8.119,33.772,36.728,32.691,37.055,71.461,28.538,43.849,24.551,0.214,
12,supersonic-legend,22,7.66E+16,0.36,17.592,0.26,25,20.833,317.6,0.54,63.047,11.714,56.4,6.153,34.72,31.12,32.223,32.758,74.513,25.486,46.852,20.607,0.28,
13,supersonic-legend,22,7.66E+16,0.763,50.666,0.246,22,43.777,381.4,0.904,68.734,15.344,48.886,6.726,30.881,36.952,38.048,29.279,71.769,28.23,48.972,22.054,0.255,
14,supersonic-legend,22,bebb996b68284b54acfc06418d150f19,0.351,29,0.388,23.5,56.666,399.3,0.694,69.73,18.206,49.678,5.963,37.129,30.977,31.969,35.248,75.245,24.754,51.805,18.144,0.196,
15,supersonic-legend,22,7.66E+16,0.773,34,0.302,23.5,32.638,424.3,0.728,69.826,17.458,53.832,7.34,29.631,35.919,38.759,28.228,72.796,27.203,47.064,22.088,0.233,
16,supersonic-legend,22,88d0ec490e3e4fbb8c127bfd6dcc98e4,0.455,30,0.267,32.5,24.761,415.2,0.697,65.013,13.306,54.177,6.817,33.528,33.201,35.499,32.441,72.656,27.343,48.182,20.728,0.321,
17,supersonic-legend,22,7.66E+16,0.467,21.666,0.22,19.166,20.666,416.7,0.683,69.843,22.797,59.667,5.498,37.373,32.416,29.919,35.823,74.687,25.312,47.929,19.433,0.294,
18,supersonic-legend,22,7.66E+16,0.582,67.222,0.174,12.222,62.999,428.8,0.971,71.739,20.144,50.934,7.023,32.592,33.39,34.91,32.124,67.456,32.543,46.528,22.101,0.14,
19,supersonic-legend,22,7.66E+16,0.639,52.777,0.363,17.592,23.499,353.5,0.598,65.052,13.738,53.469,7.596,34.021,32.066,36.308,30.476,73.643,26.356,47.597,21.406,0.163,
20,supersonic-legend,22,7.66E+16,0.4,62.5,0.42,7.5,64.999,342.9,0.539,65.273,14.838,55.531,5.968,37.558,31.633,32.309,35.89,69.196,30.803,53.994,16.044,0.2,
21,supersonic-legend,22,7.66E+16,0.485,51,0.231,13,57.499,445.9,0.558,72.791,24.511,58.624,4.817,40.258,26.978,30.816,34.465,78.105,21.894,52.332,18.238,0.208,
22,supersonic-legend,22,7.66E+16,0.475,19,0.106,32,22.5,405.5,0.575,73.126,22.015,52.46,5.964,32.721,33.651,30.827,36.763,72.42,27.579,46.807,21.842,0.056,
23,supersonic-legend,22,7.66E+16,0.871,55,0.585,20.833,27.547,449.3,0.657,72.939,25.545,56.59,6.971,32.965,33.844,37.484,30.022,74.346,25.653,49.429,20.56,0.262,
24,supersonic-legend,22,7.66E+16,0.362,19.5,0.146,16,23.333,351.4,0.677,66.469,15.162,53.865,6.347,31.408,34.114,30.469,34.338,70.064,29.935,46.973,21.076,0.125,
25,supersonic-legend,22,7.66E+16,0.537,26.666,0.402,40.833,30.5,426,0.728,67.386,16.743,50.253,7.758,31.569,35.079,37.545,29.653,69.99,30.009,49.073,21.082,0.108,
26,supersonic-legend,22,7.66E+16,0.73,40,0.342,17.5,31.666,451.6,1.134,70.078,19.435,53.199,7.54,31.512,35.418,34.261,32.959,66.785,33.214,40.8,26.97,0.19,
27,supersonic-legend,22,7.66E+16,0.665,57.5,0.451,15,26.666,439.9,0.885,66.343,15.28,59.098,5.901,34.661,29.512,33.62,32.069,68.39,31.609,44.253,22.755,0.263,
28,supersonic-legend,22,7.66E+16,0.283,26.25,0.32,30,20.833,359,0.546,67.147,15.393,54.656,7.133,37.266,29.721,29.625,36.172,70.34,29.659,48.95,17.35,0.2,
29,supersonic-legend,22,7.66E+16,0.727,49.444,0.379,20.555,40.261,363.4,0.638,67.852,15.091,55.018,6.997,35.664,30.71,32.709,35.443,75.277,24.722,47.278,18.452,0.291,
30,supersonic-legend,22,7.66E+16,0.737,39,0.199,23.333,34.833,405.9,0.795,67.256,13.985,50.366,5.026,26.34,40.961,33.676,34.382,65.833,34.166,44.751,23.465,0.278,
31,grand-champion-3,21,7.66E+16,0.974,54.166,0.341,12.5,38.19,442.7,0.973,70.66,18.75,46.557,7.96,35.054,31.964,32.895,33.199,70.849,29.15,45.043,22.188,0.068,
32,grand-champion-3,21,7.66E+16,0.749,30.833,0.236,27.5,38.499,411.4,0.58,69.086,16.405,51.356,5.655,36.188,31.657,31.755,37.403,71.502,28.497,47.448,21.471,0.235,
33,grand-champion-3,21,7.66E+16,0.512,15,0.188,48.333,17.666,404.3,0.841,67.369,14.866,46.813,8.437,29.116,35.279,34.314,29.505,67.866,32.133,42.686,24.677,0.108,
34,grand-champion-3,21,7.66E+16,0.312,31.851,0.403,17.592,61.666,404.5,0.472,66.856,14.362,52.97,8.726,43.493,24.572,32.491,35.107,74.538,25.461,52.677,16.791,0.096,
35,grand-champion-3,21,7.66E+16,0.761,48.518,0.355,15.555,54.309,409.8,1.125,71.456,21.291,53.611,7.843,30.712,37.261,35.544,33.069,65.484,34.515,46.862,23.051,0.274,
36,grand-champion-3,21,1e7054842bd54f75b9c6ff3320ac8f30,0.382,19.629,0.15,35.185,47.499,318,0.77,63.878,9.678,60.198,5.643,27.371,37.044,31.252,32.862,64.349,35.65,42.935,22.053,0.152,
37,grand-champion-3,21,4dacf92b044847ccbab7071e365a6940,0.836,35.833,0.257,14.166,23.333,295,0.197,67.413,8.687,54.799,4.413,34.315,30.444,37.582,28.215,76.132,23.867,47.619,22.064,0.08,
38,grand-champion-3,21,7.66E+16,0.528,41.666,0.217,15.833,52.833,422.5,0.58,70.943,20.844,55.71,6.729,36.299,30.821,30.279,36.64,70.951,29.048,48.108,19.723,0.211,
39,grand-champion-3,21,7.66E+16,0.56,35.833,0.2,35,23.19,448.4,0.859,67.865,19.033,48.823,6.943,32.779,33.513,35.445,30.987,71.829,28.17,44.601,22.506,0.12,
40,grand-champion-3,21,7.66E+16,0.492,39.814,0.191,23.148,34,345.3,0.646,68.913,18.097,57.598,5.074,33.076,33.358,30.858,35.259,70.319,29.68,49.255,21.096,0.314,
41,grand-champion-3,21,7.66E+16,0.578,30.666,0.283,50.166,22.499,446.5,0.751,71.213,20.893,56.461,5.245,35.409,30.752,32.853,32.798,76.089,23.91,48.444,18.199,0.232,
42,grand-champion-3,21,7.66E+16,0.637,32.407,0.394,21.296,28.5,497.6,1.011,72.613,26.937,50.581,6.742,36.532,32.067,33.021,37.442,73.586,26.413,46.319,23.285,0.428,
43,grand-champion-3,21,7.66E+16,0.71,52.333,0.394,27.166,44.999,362.3,0.49,67.169,16.095,56.7,6.115,29.948,31.962,35.641,26.8,70.994,29.005,49.712,21.043,0.11,
44,grand-champion-3,21,45c8410f114446a1ba02fdf3f5f36099,0.39,14.583,0.41,31.25,11.666,379.9,0.5,65.526,13.903,60.819,3.995,38.385,30.302,31.191,35.112,75.603,24.396,49.302,19.596,0.19,
45,grand-champion-3,21,99008469cb5f42f59794da9df94be145,0.808,30.333,0.451,29.666,32.499,390.5,0.997,71.847,20.36,51.616,6.609,30.195,37.092,35.765,32.857,70.895,29.104,46.807,23.705,0.193,
46,grand-champion-3,21,7.66E+16,0.525,21.666,0.355,16.666,25.333,392.1,0.349,65.482,11.352,50.008,5.648,37.285,30.181,31.84,36.621,74.571,25.428,49.165,18.355,0.152,
47,grand-champion-3,21,6a94cff104574a8a8d309c4f13d6883e,0.666,35.833,0.286,25,38.5,425.2,0.734,71.13,19.552,52.12,5.633,30.739,37.167,34.572,31.248,69.329,30.67,43.469,25.267,0.149,
48,grand-champion-3,21,7.66E+16,0.641,34.833,0.17,28.666,27.166,421.5,0.882,69.239,17.626,52.514,5.751,30.379,35.741,32.709,35.118,70.838,29.161,40.489,25.893,0.155,
49,grand-champion-3,21,033b8fdbeff9479d9f755cf72a2b86e9,0.366,25.833,0.408,50.833,27.5,416,0.879,65.891,13.257,54.725,6.181,28.704,37.324,37.085,31.846,69.14,30.859,44.927,23.001,0.191,
50,grand-champion-3,21,7.66E+16,0.66,40.416,0.226,27.083,41.333,425,0.923,68.708,15.568,54.711,6.541,26.583,35.877,36.424,29.716,67.263,32.736,41.149,24.402,0.259,
51,grand-champion-3,21,7.66E+16,0.63,44,0.369,26.166,30.333,435.7,0.502,71.517,21.615,53.057,6.623,35.24,31.298,35.652,30.813,73.03,26.969,49.79,20.6,0.162,
52,grand-champion-3,21,7.66E+16,0.411,9.583,0.299,37.916,12.5,399.5,0.623,68.934,20.615,53.45,5.083,41.081,28.939,27.98,40.603,72.228,27.771,48.553,19.509,0.285,
53,grand-champion-3,21,7.66E+16,0.56,31.851,0.26,30,33.333,365.9,0.799,66.3,15.291,54.099,8.058,38.869,27.615,32.988,34.644,77.718,22.281,50.055,20.432,0.219,
54,grand-champion-3,21,7.66E+16,0.839,48.333,0.239,10,27.976,416.1,1.019,74.052,25.026,44.102,9.302,30.956,35.574,32.282,35.557,70.539,29.46,41.425,28.012,0.239,
55,grand-champion-3,21,7.66E+16,0.443,18.333,0.307,10,23.333,374.5,0.571,68.147,19.119,50.874,5.634,38.171,28.611,31.959,31.413,75.779,24.22,47.889,20.328,0.151,
56,grand-champion-3,21,7.66E+16,0.474,26.333,0.217,31.5,45,415.3,1.102,67.743,14.088,51.82,7.481,30.75,34.997,36.208,32.853,70.063,29.936,42.958,22.999,0.197,
57,grand-champion-3,21,7.66E+16,0.588,62.962,0.294,9.259,39.499,420.9,0.745,66.286,15.177,54.777,7.575,33.492,34.399,34.026,34.386,68.461,31.538,47.864,20.137,0.317,
58,grand-champion-3,21,37589e469be84a848ca150fbe5b4866d,0.46,36.111,0.214,2.777,24.166,382.2,0.775,66.491,14.308,51.731,7.413,34.518,32.493,32.27,33.614,71.507,28.492,48.067,20.114,0.293,
59,grand-champion-3,21,7.66E+16,0.747,38.333,0.139,35,17.666,390.3,0.915,68.313,15.254,51.021,8.291,29.21,37.323,33.061,34.52,67.263,32.736,45.805,23.585,0.39,
60,grand-champion-3,21,7.66E+16,0.765,61.666,0.289,15,39.357,442.2,0.782,70.686,20.829,53.219,5.954,33.581,35.058,32.752,36.303,71.449,28.55,43.979,23.908,0.148,
61,grand-champion-2,20,7.66E+16,0.666,65,0.275,13.333,44.333,401.6,0.693,70.986,21.488,51.374,7.709,36.026,32.142,33.265,32.886,73.415,26.584,49.708,19.355,0.08,
62,grand-champion-2,20,7.66E+16,0.297,10.833,0.265,31.666,15.833,359.7,0.813,68.2,18.053,53.906,7.071,31.712,35.709,34.913,34.191,68.685,31.314,49.845,21.198,0.14,
63,grand-champion-2,20,7.66E+16,0.851,54.166,0.336,27.5,34.499,430.5,0.875,72.495,25.267,52.515,6.368,31.299,35.999,36.266,30.416,71.959,28.04,47.188,22.196,0.531,
64,grand-champion-2,20,7.66E+16,0.434,32.5,0.379,41.666,33.999,370.7,0.731,66.969,13.874,58.925,7.355,32.005,33.704,32.479,34.174,71.952,28.047,47.029,20.335,0.318,
65,grand-champion-2,20,7.66E+16,0.426,37.5,0.412,10.833,31.666,365.7,0.526,65.282,13.462,54.037,4.961,33.452,30.832,34.631,30.385,74.619,25.38,54.508,17.663,0.093,
66,grand-champion-2,20,ee458ee713cd4d8e8f416c8d235924b6,0.457,30.952,0.199,39.285,24.833,463.7,0.991,71.682,20.892,50.166,9.251,30.736,40.064,34.029,35.315,65.398,34.601,40.14,25.829,0.2,
67,grand-champion-2,20,2917749ab4df435e8f0f901de1548a1f,0.415,31.666,0.249,33.333,36.166,395.8,0.903,68.452,16.879,53.744,6.142,35.934,32.21,34.346,33.216,74.483,25.516,44.318,21.954,0.278,
68,grand-champion-2,20,7.66E+16,0.64,55.555,0.276,11.111,38.428,342.7,0.895,65.799,14.566,58.31,5.851,34.785,29.98,33.694,33,72.858,27.141,46.599,23.416,0.176,
69,grand-champion-2,20,7.66E+16,0.484,37.5,0.292,37.333,39.499,379.9,0.659,69.373,20.276,53.249,5.929,34.419,34.195,31.372,38.036,70.873,29.126,48.126,22.527,0.256,
70,grand-champion-2,20,04abd24a8af547668c405d2d717026a0,0.651,25.833,0.212,43.333,16.666,378.2,0.464,68.956,14.276,52.731,6.499,36.134,34.242,33.154,36.034,72.753,27.246,44.087,21.928,0.217,
71,grand-champion-2,20,7.66E+16,0.694,25.925,0.224,25,13.666,347.5,0.765,66.795,13.877,57.853,4.548,33.134,31.328,32.839,30.844,72.947,27.052,42.822,23.008,0.1,
72,grand-champion-2,20,7.66E+16,0.518,55.208,0.172,28.125,41.999,462.5,0.726,73.869,27.514,52.962,6.013,35.49,33.074,31.439,37.164,69.031,30.968,46.657,22.853,0.367,
73,grand-champion-2,20,7.66E+16,0.616,15.625,0.3,35.416,12.499,414.9,0.64,68.686,18.063,50.166,7.027,34.892,32.755,35.932,31.026,70.286,29.713,43.776,22.772,0.272,
74,grand-champion-2,20,7.66E+16,0.448,35.714,0.262,28.571,15.666,433.5,0.66,71.421,19.434,56.676,5.55,32.015,33.283,29.645,37.996,70.676,29.323,45.694,22.846,0.152,
75,grand-champion-2,20,Mericristmas,0.507,40.833,0.285,30.833,54.999,445.2,0.623,72.513,24.567,49.699,8.247,31.26,33.438,36.394,28.795,72.741,27.258,46.801,23.102,0.123,
76,grand-champion-2,20,nioh-_-1327,0.636,72.916,0.355,10.416,28.999,437.3,0.548,68.3,17.231,52.427,6.699,32.472,34.367,38.872,29.11,68.744,31.255,46.446,22.417,0.217,
77,grand-champion-2,20,7.66E+16,0.596,25.333,0.257,7.5,17.833,402.3,0.832,65.743,13.455,55.133,5.783,33.422,32.774,31.669,34.577,69.326,30.673,41.52,24.161,0.164,
78,grand-champion-2,20,6b77f506c67c4cb0bc5a52c6e667ffc1,0.432,30.952,0.232,19.047,30,384.6,0.62,69.399,16.037,51.931,6.62,30.902,35.046,34.93,30.354,69.169,30.83,46.438,21.693,0.236,
79,grand-champion-2,20,7.66E+16,0.833,44,0.275,25.333,33.999,456.1,1.19,68.978,17.53,53.691,5.465,31.658,35.437,34.861,32.141,71.939,28.06,41.372,24.104,0.08,
80,grand-champion-2,20,e4251a0f0b274744949f205ca2f53d66,0.493,40,0.374,22.5,25.428,377,0.47,65.76,14.764,47.879,7.609,37.952,31.332,35.358,33.739,76.982,23.017,50.452,19.061,0.219,
81,grand-champion-2,20,21ebdf680dfb4e3399a2d568b7238741,0.548,34.761,0.11,21.19,35.75,392.4,0.771,66.499,15.422,59.877,4.898,30.144,35.021,31.444,35.291,70.582,29.417,45.561,20.234,0.06,
82,grand-champion-2,20,7.66E+16,0.236,17.833,0.214,18.833,22.5,376.1,0.326,67.782,17.418,49.549,6.882,38.306,31.221,33.273,36.21,74.796,25.203,48.651,18.42,0.078,
83,grand-champion-2,20,7.66E+16,0.338,27.777,0.278,27.777,34.166,369.4,0.914,65.739,11.4,57.131,6.223,28.692,36.928,33.421,32.494,66.474,33.525,48.074,18.745,0.198,
84,grand-champion-2,20,7.66E+16,0.416,11.666,0.22,32.5,16.666,320.7,0.515,62.739,10.889,55.886,7.073,36.052,29.141,31.094,33.985,71.895,28.104,47.745,19.788,0.179,
85,grand-champion-2,20,7.66E+16,0.49,35.185,0.293,3.703,25.166,353.7,0.845,66.656,14.411,57.569,5.883,35.923,31.522,31.603,35.01,71.796,28.203,43.197,24.26,0.216,
86,grand-champion-2,20,7.66E+16,0.612,40.785,0.356,27.357,29.119,399.6,1.224,68.452,17.173,53.965,6.106,28.54,38.352,33.584,33.41,67.751,32.248,42.912,25.11,0.353,
87,grand-champion-2,20,cd8ac4349e1f4274be3146aeec1b0bfc,0.507,45.666,0.228,20.333,33.69,329,0.787,66.117,14.386,52.617,5.917,30.778,36.276,33.21,31.089,67.079,32.92,44.653,23.06,0.275,
88,grand-champion-2,20,Stocktane_,0.52,35.666,0.233,29.833,24.999,391.8,1.079,68.008,16.619,57.125,5.643,36.326,35.198,32.7,39.246,70.786,29.213,42.838,24.272,0.2,
89,grand-champion-2,20,7.66E+16,0.46,25,0.399,41.666,15,428.9,0.74,67.891,16.016,53.683,6.948,34.832,34.27,36.986,32.525,71.729,28.27,45.706,23.818,0.12,
90,grand-champion-2,20,7.66E+16,0.56,56.481,0.408,17.592,32.166,362.4,0.536,65.056,12.407,58.651,4.951,33.6,30.128,33.364,32.227,77.656,22.343,54.498,16.622,0,
91,grand-champion-1,19,7.66E+16,0.357,33.166,0.317,41,48.333,360.7,0.258,66.778,11.552,54.543,5.552,35.293,31.012,33.393,33.409,73.258,26.741,49.353,18.208,0.038,
92,grand-champion-1,19,7.66E+16,0.374,30.555,0.12,0,15.666,380.2,0.702,66.569,12.288,56.419,4.982,33.865,32.772,33.729,33.504,71.069,28.93,45.552,21.723,0.1,
93,grand-champion-1,19,7.66E+16,0.42,20.185,0.159,37.407,26.666,327.9,0.3,62.591,7.584,56.644,4.426,34.456,33.658,32.924,35.735,71.665,28.334,46.585,19.967,0.12,
94,grand-champion-1,19,ef5f6124076f4384b257e1359363ea91,0.67,47,0.373,24.833,37.333,385.7,0.607,63.095,9.929,59.269,5.65,42.424,25.503,33.081,34.54,80.768,19.231,54.252,16.179,0.137,
95,grand-champion-1,19,7.66E+16,0.57,31.166,0.193,30.333,27.666,362.6,0.802,63.934,10.225,61.411,6.211,29.533,38.894,34.123,36.108,69.73,30.269,44.251,21.447,0.177,
96,grand-champion-1,19,049b6ce3b0674ef9a817d3199ba6a285,0.356,34.444,0.193,26.296,37.5,363.3,0.698,64.643,10.671,61.593,1.975,28.285,36.471,31.95,32.017,70.068,29.931,48.092,19.328,0.259,
97,grand-champion-1,19,c15f18dad47541f0abfa928e150fd5a8,0.695,51.111,0.354,5.925,37.666,395.8,0.501,64.03,11.232,59.131,5.078,40.737,28.651,37.892,30.834,79.473,20.526,54.22,17.367,0.167,
98,grand-champion-1,19,e4ef3172311b41eea1b183c8bf653516,0.472,41.666,0.248,15,42.499,395.5,0.592,65.686,14.819,60.102,3.854,34.568,28.866,34.972,30.914,75.09,24.909,52.323,17.435,0.173,
99,grand-champion-1,19,7.66E+16,0.451,27.777,0.266,25,28.333,469.1,1.145,70.36,19.346,49.389,6.507,28.965,41.247,32.548,36.733,65.196,34.803,43.391,23.961,0.295,
100,grand-champion-1,19,7.66E+16,0.428,50.666,0.202,28.666,48.333,367.7,0.472,68.321,15.858,60.317,5.653,34.333,31.803,31.347,34.018,72.936,27.063,46.935,19.884,0.113,
101,grand-champion-1,19,7.66E+16,0.576,35.666,0.167,16.666,38.999,462.8,0.646,68.652,18.025,53.823,5.897,29.831,34.049,37.009,28.267,69.31,30.689,44.88,24.128,0.203,
102,grand-champion-1,19,0501888a5f8f47faa074e40cefe750e3,0.565,22.5,0.173,45,21.166,349.3,0.645,64.352,8.267,59.22,5.401,37.859,30.265,31.454,35.814,74.804,25.195,45.85,20.84,0.206,
103,grand-champion-1,19,08974cb1b9f547b0ba34955ebab51099,0.388,20,0.301,26.666,17.5,297,0.511,66.539,12.962,54.297,6.035,34.022,33.984,32.267,35.584,72.836,27.163,45.63,20.344,0.109,
104,grand-champion-1,19,7.66E+16,0.727,40.833,0.193,27.5,30.714,396.1,0.762,67.039,13.837,58.296,6.098,33.483,31.525,34.129,32.314,72.874,27.125,44.717,20.289,0.197,
105,grand-champion-1,19,93b2f433f8b842289f815db2332f1733,0.455,41.666,0.053,25,35.666,354.1,0.614,67.986,16.055,59.967,3.489,34.848,32.152,33.587,31.117,72.992,27.007,46.303,19.832,0.06,
106,grand-champion-1,19,5dfec608e2534f57987a0f5a1eb79e34,0.594,54.444,0.201,40.555,43.666,395.8,0.902,66.3,13.235,56.539,5.365,30.224,39.927,33.773,35.592,66.169,33.83,45.026,23.694,0.295,
107,grand-champion-1,19,48d922e8888a44f287ef0caad38757b3,0.462,25.925,0.211,5.555,21.666,318.8,0.499,63.73,11.664,56.753,5.01,34.73,32.107,31.536,33.496,72.058,27.941,47.964,21.886,0.219,
108,grand-champion-1,19,f462cffc24324401af6e02052f62436c,0.435,37.962,0.23,35.185,27.857,394.4,0.615,63.565,8.336,53.299,4.181,33.907,33.705,33.818,33.14,69.239,30.76,50.024,21.509,0.04,
109,grand-champion-1,19,ac6c886855434378949ae77454026d4c,0.5,58.333,0.27,14.814,59.999,367.5,0.645,64.286,12.181,55.199,5.999,31.945,33.832,37.408,28.341,71.575,28.424,50.199,19.433,0.14,
110,grand-champion-1,19,7.66E+16,0.462,16.666,0.184,43.333,19,383.4,0.836,64.978,15.906,49.672,5.508,35.23,32.297,34.556,33.731,73.887,26.112,49.195,21.693,0.19,
111,grand-champion-1,19,7.66E+16,0.52,47.5,0.281,21.666,46.999,352.4,0.51,65.513,11.824,53.745,6.064,32.94,32.855,36.029,33.498,71.51,28.489,44.281,22.032,0.1,
112,grand-champion-1,19,7.66E+16,0.479,14.166,0.319,53,22.5,378.6,0.796,65.782,12.369,59.242,4.549,35.083,35.044,34.893,34.424,71.505,28.494,47.099,20.818,0.218,
113,grand-champion-1,19,7.66E+16,0.478,21.666,0.199,4.166,18.095,254,0.476,58.413,6.076,62.135,4.491,35.446,31.011,28.54,35.484,70.831,29.168,45.635,21.402,0.058,
114,grand-champion-1,19,7.66E+16,0.539,17.592,0.188,41.666,17,396,0.852,67.356,17.087,56.548,4.514,29.689,40.34,34.549,33.602,68.617,31.382,49.547,19.644,0.224,
115,grand-champion-1,19,7.66E+16,0.724,44.166,0.204,18.333,27.999,409.8,0.869,68.452,15.065,52.675,6.84,29.621,34.299,35.074,31.971,71.63,28.369,42.219,24.447,0.192,
116,grand-champion-1,19,7.66E+16,0.49,40.833,0.113,9.166,32.999,416.1,0.82,70.339,21.438,50.712,7.411,29.614,37.675,35.75,30.854,68.852,31.147,45.636,21.677,0.235,
117,grand-champion-1,19,1647fb0d5f9e4df69295e942bec0d0ab,0.411,36.666,0.364,22.5,34.166,330.3,0.46,61.321,8.013,59.515,4.018,34.478,28.031,31.953,31.129,74.574,25.425,48.951,19.055,0.145,
118,grand-champion-1,19,7.66E+16,0.405,16.166,0.311,37.5,22.261,426.7,1.038,66.156,13.707,50.278,5.269,29.314,37.218,36.181,30.773,67.752,32.247,46.241,23.592,0.246,
119,grand-champion-1,19,d11f75707aaf4073aadf1f624ed5b76d,0.668,43.166,0.169,14.166,25.333,448.8,0.835,70.395,16.446,54.602,5.541,30.156,36.613,33.176,34.548,66.756,33.243,42.571,23.352,0.318,
120,grand-champion-1,19,e0333a66a7ce4d5195fda8a13576c7c4,0.433,35.833,0.353,18.333,45,458.6,0.807,67.395,13.695,55.57,6.588,30.401,33.937,32.1,36.231,70.439,29.56,43.88,22.102,0.06,
121,champion-3,18,7.66E+16,0.539,22,0.24,29,21.666,337.8,0.68,61.347,7.277,62.828,5.249,35.499,31.133,32.361,35.467,75.645,24.354,49.864,19.421,0.16,
122,champion-3,18,RAMPAGEx14x,0.457,32.407,0.216,44.814,34.999,334.5,0.695,63.408,7.934,59.423,6.187,27.65,37.611,33.264,32.209,65.29,34.709,45.777,23.63,0.199,
123,champion-3,18,06f20652f3010900,0.62,52.777,0.159,12.962,42.333,387.7,0.6,65.695,12.255,61.258,3.95,35.506,28.668,32.133,32.432,71.489,28.51,44.654,22.037,0.16,
124,champion-3,18,43ebbcd7f53e46938fd8418d132847b6,0.62,53.703,0.1,13.888,35.666,352.3,0.64,64.352,9.432,61.737,4.613,28.135,35.092,34.262,29.372,68.454,31.545,42.691,21.992,0.24,
125,champion-3,18,7.66E+16,0.44,26.851,0.179,18.518,15.333,503.6,1.16,72.586,23.596,55.252,6.251,34.121,37.201,32.937,38.138,69.678,30.321,46.139,23.032,0.3,
126,champion-3,18,6939ea4c7f1c4526a8f9c3bd871c93d3,0.648,67.291,0.259,13.75,50.666,387.6,0.964,68.765,16.46,53.66,7.282,33.662,31.642,36.675,30.581,72.145,27.854,44.122,23.478,0.135,
127,champion-3,18,81dc7a81212f4f9994777df61f3da454,0.193,9.259,0.173,50,10,385.3,0.647,65.547,12.547,57.979,5.654,32.73,35.366,31.686,36.544,66.134,33.865,46.902,19.636,0.1,
128,champion-3,18,7.66E+16,0.384,22.916,0.183,25,12.5,441.6,0.787,69.752,20.227,49.833,3.841,30.691,34.162,34.349,33.351,69.821,30.178,44.505,22.256,0.258,
129,champion-3,18,7279f0eb633f4a84a36f4b7371719066,0.441,64.583,0.294,25,38.333,361.6,0.347,62.421,10.186,55.536,5.348,35.352,31.575,34.804,30.751,73.192,26.807,48.667,19.043,0.198,
130,champion-3,18,b91267661e15473c982810ffa921d1f5,0.5,22.962,0.105,28.148,16.261,336.2,0.666,61.317,8.988,61.411,4.464,31.206,34.366,33.004,32.524,68.878,31.121,48.878,19.024,0.049,
131,champion-3,18,fb62d1aa11a84f95b88d52187cdc92ed,0.47,40.666,0.24,24.333,39.166,334.4,0.467,62.773,8.592,55.063,6.194,35.84,29.833,36.945,30.74,71.038,28.961,45.944,18.895,0.209,
132,champion-3,18,7.66E+16,0.364,38.666,0.133,18.333,44.999,321.3,0.731,63.491,10.892,58.147,4.635,31.19,37.341,34.521,33.146,69.059,30.94,47.024,21.38,0.228,
133,champion-3,18,7.66E+16,0.275,42.857,0.108,21.428,26.666,314.1,0.629,62.1,8.239,57.902,4.897,30.49,34.603,31.868,32.086,67.456,32.543,45.026,21.995,0.116,
134,champion-3,18,2b4832cf9631432fbbee09c6ac33b797,0.59,32.333,0.294,12.5,25.333,350.9,0.713,64.695,10.359,55.146,5.479,31.318,35.492,37.103,30.974,73.051,26.948,45.711,22.04,0.143,
135,champion-3,18,4da9f1cd86e64accacd18954c6881065,0.342,12.962,0.169,40.74,11.666,323.3,0.675,65.895,10.989,52.769,5.369,38.274,31.074,30.004,38.976,72.777,27.222,46.184,21.985,0.177,
136,champion-3,18,7.66E+16,0.581,55,0.2,16.666,56.666,400.4,0.965,69.786,17.747,53.115,6.577,28.949,35.432,36.547,29.642,70.321,29.678,44.187,24.811,0.256,
137,champion-3,18,7.66E+16,0.594,25,0.117,22.222,15.833,434.1,0.574,69.647,18.241,56.183,5.519,36.841,31.634,32.465,35.812,73.5,26.499,49.599,17.798,0.146,
138,champion-3,18,7.66E+16,0.48,23.333,0.259,17.833,31.666,395.3,0.6,69.517,17.556,54.664,4.606,34.346,33.099,30.013,36.182,71.629,28.37,47.913,21.287,0.12,
139,champion-3,18,7.66E+16,0.568,48.888,0.282,27.592,48.166,390.6,0.53,70.147,19.165,53.249,6.31,32.051,36.639,36.016,32.818,69.015,30.984,51.452,17.484,0.235,
140,champion-3,18,7.66E+16,0.252,12.777,0.231,24.444,21.666,316.2,0.155,63,10.141,64.701,3.183,36.658,28.905,28.45,35.452,71.937,28.062,55.639,12.995,0.059,
141,champion-3,18,7.66E+16,0.433,38.333,0.348,25,35.666,375.9,0.365,64.96,12.39,54.287,6.852,32.575,33.605,34.661,32.854,70.29,29.709,53.637,16.479,0.15,
142,champion-3,18,e28aae86c534470ab35298905e14fc8f,0.695,55,0.413,12.5,25.44,450.8,0.726,70.539,20.475,55.977,6.859,33.111,35.206,38.93,30.616,74.704,25.295,46.6,22.365,0.327,
143,champion-3,18,2afa963f40e948fd8c4ffa2dd9e54a8a,0.398,20.833,0.155,13.333,22.499,317.9,0.434,66.608,10.825,58.35,4.931,37.212,30.257,30.457,37.38,74.712,25.287,47.906,18.468,0.146,
144,champion-3,18,93f6cbc894f94fb1af196a44431cb2cb,0.457,24.166,0.128,29.166,32.499,281.6,0.428,63.6,10.248,60.935,4.041,32.325,35.233,31.185,34.663,71.603,28.396,47.347,21.726,0.085,
145,champion-3,18,7.66E+16,0.245,4.166,0.403,29.166,5,262.6,0.368,57.682,4.897,60.89,4.137,35.098,33.735,33.146,34.423,70.929,29.07,51.737,18.66,0.04,
146,champion-3,18,PRI_XxblazexX,0.353,21.296,0.179,38.888,30,300.3,0.626,61.313,11.622,55.416,5.458,28.654,37.349,35.902,27.882,69.16,30.839,43.494,24.062,0.136,
147,champion-3,18,7.66E+16,0.487,34.259,0.17,23.148,40,367.9,0.462,67.069,12.501,55.283,5.528,37.898,31.93,25.967,42.688,70.974,29.025,49.115,19.512,0.311,
148,champion-3,18,7.66E+16,0.552,32,0.201,35.666,36.333,399,0.623,69.095,17.577,56.702,2.987,31.141,34.726,30.71,34.823,70.833,29.166,50.461,19.524,0.122,
149,champion-3,18,7.66E+16,0.549,52.5,0.46,20.833,33.666,452.7,0.776,72.999,22.133,48.384,6.977,27.883,35.952,38.624,29.456,70.27,29.729,47.93,22.391,0.313,
150,champion-3,18,888b06daff684cb7a4c07242de357a1a,0.445,41.666,0.158,9.629,41.666,319.1,0.562,62.678,9.096,62.151,2.98,32.452,34.667,33.813,32.432,69.449,30.55,49.324,20.776,0.372,
151,champion-2,17,7.66E+16,0.432,36.5,0.291,29.833,41.5,372.8,0.726,66.126,12.701,53.655,5.902,32.64,32.539,32.866,33.301,71.529,28.47,42.268,23.219,0.14,
152,champion-2,17,0432c36c078b47b4835ff66e1b1f22c1,0.577,34.333,0.18,27.666,30.833,377.5,0.916,67.908,14.35,52.984,6.58,30.597,36.072,32.873,31.852,67.411,32.588,41.631,24.558,0.238,
153,champion-2,17,db6fea08582b4853b80ee7866666d567,0.607,31.166,0.18,29.5,24.833,355.7,0.692,66.217,14.739,58.259,4.481,35.791,33.091,33.295,34.93,72.985,27.014,44.003,22.08,0.12,
154,champion-2,17,dfbd99db28254cd5818933b1e3016568,0.401,30,0.161,30,24.166,324.6,0.591,64.539,11.208,59.401,5.812,31.596,31.534,35.928,29.779,70.631,29.368,46.451,22.396,0.106,
155,champion-2,17,7.66E+16,0.415,23.333,0.237,27.5,39.999,316.5,0.537,64.63,9.997,55.282,5.754,34.052,31.896,35.174,34.113,72.258,27.741,49.53,19.383,0.216,
156,champion-2,17,b98c9d4b0b27421e90a5b65c0d867d17,0.417,29.166,0.175,22.5,34.999,375.6,0.743,68.2,13.918,58.51,4.863,34.955,34.91,30.53,38.66,68.149,31.85,46.545,23.468,0.166,
157,champion-2,17,7e0b00c53d224942b887fe69058c5805,0.445,36.458,0.211,6.25,29.5,343.5,0.787,63.613,8.335,60.697,4.319,31.115,38.359,37.798,29.281,69.002,30.997,43.117,22.106,0.275,
158,champion-2,17,e3abe7d20f984411b941f2d7a5ca8295,0.55,54.814,0.233,20.37,29.285,356.6,0.546,63.926,12.164,56.712,4.094,31.936,31.319,32.009,34.086,70.417,29.582,47.682,20.982,0.133,
159,champion-2,17,46f39c0d537a4b9ebfa231923ee50606,0.335,19.259,0.197,26.666,28.333,325.9,0.374,63.391,8.551,55.385,4.138,36.436,30.557,30.64,36.858,74.414,25.585,49.422,19.861,0.137,
160,champion-2,17,2661c5f543564475a5b2262304a7cbfc,0.418,58.75,0.267,15.416,37.499,358.8,0.491,65.539,12.665,55.295,5.847,30.229,37.215,34.248,30.701,68.014,31.985,50.238,18.668,0.151,
161,champion-2,17,7.66E+16,0.469,37,0.244,17,27.023,384.2,0.545,68.63,15.775,60.172,2.933,34.448,34.58,32.272,37.251,69.983,30.016,50.674,19.718,0.159,
162,champion-2,17,6f6a4f0631ca4bd08b1a5f92ac937823,0.333,28.333,0.146,12.5,39.5,384.3,0.349,65.378,12.751,52.559,4.263,38.356,28.969,32.917,35.139,74.946,25.053,55.925,16.314,0.198,
163,champion-2,17,7.66E+16,0.336,13.888,0.274,15.74,22,249.9,0.492,58.521,6.194,58.825,4.685,34.021,38.744,34.456,38.019,67.343,32.656,49.26,20.839,0.034,
164,champion-2,17,33ec402e98ed40a3b4c30861c29077bd,0.598,45.37,0.215,27.777,28.999,319.9,0.355,62.373,8.723,55.775,6.062,37.485,30.791,32.571,34.408,75.119,24.88,51.022,19.394,0.114,
165,champion-2,17,29e9dd189fde4a0780dab6c471bed774,0.481,17.5,0.092,36.666,20.833,357.2,0.449,64.9,10.006,60.375,5.624,31.292,35.02,32.771,35.208,69.515,30.484,48.132,19.741,0.096,
166,champion-2,17,piyopiyo-tyannnn,0.489,34,0.175,14.5,34.833,370.5,0.663,65.269,11.834,58.429,5.468,30.07,35.576,34.269,30.55,69.165,30.834,46.747,23.462,0.157,
167,champion-2,17,f4b98fa04b9a409ebd2d243e82f3a004,0.699,51.851,0.302,21.666,40.095,427.2,0.698,65.369,14.745,50.95,5.473,34.811,30.055,36.665,27.683,73.653,26.346,49.733,20.105,0.115,
168,champion-2,17,a0a911268bd44e2d9d3148423a8da99c,0.31,24.629,0.15,25.925,48.333,399.3,0.882,67.617,15.608,60.124,3.263,27.466,39.536,28.89,38.132,64.929,35.07,45.363,25.075,0.238,
169,champion-2,17,7.66E+16,0.398,20.333,0.204,9,22.499,437.1,0.608,68.308,16.263,61.167,4.654,39.241,28.079,28.755,38.201,72.799,27.2,52.113,16.396,0.124,
170,champion-2,17,7.66E+16,0.391,33.125,0.099,13.541,35.333,374.2,0.734,65.63,12.921,60.474,5.076,34.419,34.137,30.653,36.058,68.269,31.73,47.036,20.251,0.243,
171,champion-2,17,7.66E+16,0.62,34,0.291,42.333,35.666,414.2,0.724,69.717,18.672,54.596,6.156,33.049,35.543,38.078,30.159,70.432,29.567,44.231,22.545,0.421,
172,champion-2,17,7.66E+16,0.478,21.25,0.176,20.833,27.5,459,0.848,70.186,19.777,53.981,5.009,34.673,32.902,32.459,34.307,73.387,26.612,48.902,20.974,0.134,
173,champion-2,17,7.66E+16,0.523,35,0.332,45.833,28.666,261.8,0.346,59.295,5.492,64.314,3.316,31.244,35.269,32.935,34.649,65.762,34.237,47.438,19.214,0.17,
174,champion-2,17,5f8aeda7a2f7412ea924502b850befe6,0.407,47.5,0.228,17.5,40.666,418.2,0.975,64.113,11.093,58.738,5.25,31.117,35.967,36.057,32.65,68.515,31.484,45.369,24.869,0.14,
175,champion-2,17,7.66E+16,0.322,24.166,0.287,30,29.999,327.6,0.643,63.273,9,59.191,4.249,38.759,30.236,33.65,33.893,70.414,29.585,52.089,17.693,0.157,
176,champion-2,17,7ad70634c7c84727b5edf5140297e2ca,0.353,36.111,0.293,17.592,20.833,368.2,0.658,63.017,10.143,60.689,3.539,34.656,31.647,33.135,32.042,72.002,27.997,47.613,23.285,0.143,
177,champion-2,17,7.66E+16,0.777,54.629,0.303,11.111,29,463.6,1.029,69.508,19.584,46.944,5.094,32.14,35.244,35.508,33.243,71.23,28.769,42.795,25.042,0.173,
178,champion-2,17,7.66E+16,0.559,26,0.231,15.333,16.333,284.2,0.587,61.156,5.943,61.112,5.267,36.452,31.113,31.322,35.048,71.307,28.692,46.452,22.122,0.031,
179,champion-2,17,7.66E+16,0.38,36.111,0.3,15.925,22.666,302.6,0.199,61.226,7.163,57.842,5.146,43.918,23.63,30.219,38.391,75.256,24.743,56.886,15.552,0.14,
180,champion-2,17,7.66E+16,0.635,56.296,0.194,0,47.666,322.5,0.588,63.291,8.645,58.379,5.646,29.097,35.915,32.561,31.293,66.32,33.679,44.8,21.205,0.151,
181,champion-1,16,b40690cef4010900,0.81,63.703,0.22,15.555,36.75,420.4,0.886,70.908,16.318,63.662,3.475,29.347,37.773,33.603,33.304,67.891,32.108,43.456,24.642,0.275,
182,champion-1,16,7.66E+16,0.396,33.333,0.155,27.5,40.833,421.7,0.791,64.982,11.245,51.645,4.412,27.32,40.891,36.301,30.219,67.573,32.426,44.61,23.972,0.096,
183,champion-1,16,752e8af4aa4a43509dd61af4322a201a,0.428,15.555,0.373,28.518,15.833,391.6,0.607,67.269,15.747,56.338,3.9,34.706,35.293,35.582,32.554,71.542,28.457,49.984,20.941,0.193,
184,champion-1,16,7.66E+16,0.436,53.333,0.24,11.666,42.333,294.7,0.478,64.26,9.24,55.501,3.096,32.971,35.929,32.98,34.943,69.711,30.288,51.693,19.989,0.138,
185,champion-1,16,MidnaZG,0.489,23.333,0.195,29.166,19.5,423.1,0.86,69.913,15.925,57.745,4.637,33.573,35.367,32.653,36.404,69.824,30.175,45.751,23.054,0.274,
186,champion-1,16,dylanbobber,0.386,21.666,0.238,27.222,22.333,401.9,0.67,68.321,14.505,60.248,3.314,33.807,31.929,33.856,32.959,69.844,30.155,45.403,24.026,0.118,
187,champion-1,16,82feb54ae5a84738af4a3cd7c54a0261,0.387,40.625,0.199,25,19.999,365.2,0.855,68.143,16.565,56.429,3.514,31.758,33.255,35.575,33.184,71.211,28.788,45.551,23.863,0.285,
188,champion-1,16,7.66E+16,0.4,18.333,0.18,30.833,17.666,357.1,0.76,65.821,10.227,55.473,5.05,43.592,28.171,31.274,39.437,74.67,25.329,53.918,17.287,0.2,
189,champion-1,16,7.66E+16,0.481,46.875,0.36,14.583,28.333,421,0.954,66.756,13.448,56.128,5.339,31.837,37.866,36.417,33.413,66.638,33.361,46.722,24.337,0.133,
190,champion-1,16,7.66E+16,0.28,28.571,0.14,28.571,25,311.2,0.959,59.36,8.188,59.843,5.479,32.506,41.03,28.826,41.29,61.611,38.388,46.112,24.664,0.32,
191,champion-1,16,7.66E+16,0.382,32.142,0.346,8.333,22.5,288.2,0.401,61.913,8.318,58.156,5.792,33.37,33.848,32.672,36.128,72.108,27.891,45.937,20.531,0.033,
192,champion-1,16,7.66E+16,0.6,49.166,0.3,14.166,33,392.9,0.7,67.347,17.205,49.307,7.687,34.104,34.258,37.367,32.229,73.786,26.213,49.098,22.034,0.179,
193,champion-1,16,8e2e29dd108645d899a5b99cfae78e00,0.356,19.166,0.2,10,17.5,396.3,0.669,67.647,14.603,54.215,5.042,28.885,35.709,32.322,33.786,68.56,31.439,42.221,23.786,0.1,
194,champion-1,16,b7fde496027b4ea4858da3b6e60bfe65,0.332,15,0.069,12.5,14.999,232.2,0.372,58.756,3.749,70.911,1.654,41.77,26.56,26.171,38.271,77.461,22.538,48.931,18.089,0.02,
195,champion-1,16,7.66E+16,0.572,59.583,0.256,14.375,35.666,385.9,0.585,67.817,17.544,54.142,5.982,33.77,30.355,38.992,28.692,71.907,28.092,46.441,21.03,0.275,
196,champion-1,16,c32796b08c194a80b4c9da346768d7a5,0.34,29.047,0.239,14.047,29.999,402.4,0.678,68.086,13.134,53.017,3.683,35.777,31.413,31.267,35.73,69.75,30.249,45.908,22.719,0.1,
197,champion-1,16,2b9d4d00ee084447ba983a6be29e2db0,0.475,25.666,0.315,40.666,20.333,381,0.753,64.247,11.046,56.591,4.868,32.164,33.763,39.336,27.249,70.753,29.246,48.834,21.13,0.18,
198,champion-1,16,CloudyHabitz,0.566,37.777,0.159,8.518,39.833,315.9,0.584,61.839,11.076,57.203,5.277,41.821,30.345,26.444,45.743,74.693,25.306,51.683,17.988,0.166,
199,champion-1,16,7.66E+16,0.554,54.687,0.238,28.645,44.999,324.3,0.637,64.865,9.825,62.23,4.236,31.342,33.972,31.649,35.253,70.646,29.353,44.715,21.31,0.08,
200,champion-1,16,7.66E+16,0.517,50,0.199,8.333,41.19,335.3,0.798,66.886,13.879,56.173,4.136,35.95,33.31,31.908,37.73,71.311,28.688,51.11,20.238,0.339,
201,champion-1,16,99de0b0f00000900,0.38,9.791,0.26,38.333,10.833,310.1,0.52,63.83,10.306,60.082,2.634,34.464,33.037,30.546,36.519,70.733,29.266,48.977,19.278,0.02,
202,champion-1,16,7.66E+16,0.385,42.592,0.227,0,29.761,309.5,0.696,61.7,7.208,63.037,2.783,27.175,39.102,34.898,30.719,66.165,33.834,45.952,20.946,0.107,
203,champion-1,16,7.66E+16,0.418,12.5,0.133,40,16.19,316.8,0.552,62.969,9.327,58.61,3.815,37.914,31.883,30.196,37.821,72.481,27.518,48.288,20.011,0.14,
204,champion-1,16,frei-Wolf4,0.529,42.176,0.237,7.142,27.333,331.6,0.641,63.834,13.974,51.299,6.187,36.599,31.601,32.699,37.923,74.524,25.475,51.9,21.278,0.154,
205,champion-1,16,7.66E+16,0.46,35.396,0.219,30.396,54.666,289,0.44,58.917,7.013,67.287,1.44,35.21,30.184,34.055,29.747,77.21,22.789,50.037,19.767,0.16,
206,champion-1,16,7.66E+16,0.406,38.518,0.186,24.444,58,385.2,0.664,67.513,14.902,62.336,2.843,28.645,37.11,35.606,28.733,70.355,29.644,49.263,23.125,0.316,
207,champion-1,16,5d05aa42882fed6a,0.563,33.333,0.08,16.666,20.833,370.4,0.606,63.904,7.699,55.747,5.234,27.777,37.934,35.581,30.023,66.836,33.163,41.287,27.029,0.218,
208,champion-1,16,d2990518ce8548f89a84ea6452afd68d,0.418,31.481,0.16,18.518,38.333,280.4,0.225,61.943,7.938,61.825,2.88,37.576,30.847,31.565,35.288,72.154,27.845,46.934,19.196,0.038,
209,champion-1,16,e5b364aeee1f4ccbbb53f55d078cded6,0.538,39.166,0.397,3.333,37.666,409.3,0.567,67.752,15.238,58.272,5.169,35.534,32.358,35.057,33.778,75.304,24.695,52.862,18.378,0.164,
210,champion-1,16,7021eca411754a7298ddf30a9ef373c4,0.549,40.333,0.276,33,30.928,476.2,0.733,71.626,20.752,48.856,6.829,33.821,34.508,39.104,31.68,72.764,27.235,47.576,23.008,0.118,
211,diamond-3,15,82c2907127974698a71ec725ebeca904,0.639,51.357,0.2,16.5,30.499,388.4,0.64,65.526,12.387,62.367,2.469,39.478,28.202,33.465,36.744,75.291,24.708,50.919,17.421,0.199,
212,diamond-3,15,60074cd8e4c3462eb2bfb8439e12b86a,0.179,5,0.148,25,5,333.5,0.536,61.026,8.538,64.143,3.589,39.135,32.122,29.035,39.443,74.373,25.626,49.27,19.626,0.144,
213,diamond-3,15,d62fe771fa010900,0.61,34.166,0.38,22.5,41.833,430.6,0.873,67.2,14.756,52.741,7.424,31.25,38.943,41.657,30.91,71.912,28.087,46.363,22.481,0.1,
214,diamond-3,15,7.66E+16,0.436,35,0.274,27.5,37.833,386,0.623,67.53,15.749,58.883,4.146,29.753,34.047,35.688,28.962,69.82,30.179,46.235,22.981,0.202,
215,diamond-3,15,47f58b51b8c84adaad0bea806822f0bb,0.232,31.481,0.215,20.37,38.333,322.2,0.445,58.095,7.558,60.559,3.454,44.949,24.805,30.361,39.142,78.153,21.846,55.181,16.105,0.116,
216,diamond-3,15,ef945dd12d444cadbee2e2c9afc224ad,0.48,36,0.114,12.833,36.785,343.8,0.646,66.395,10.821,63.025,3.679,36.979,31.617,30.71,36.9,72.809,27.19,51.211,18.631,0.23,
217,diamond-3,15,7.66E+16,0.565,45.185,0.149,9.259,31.023,288.3,0.279,62.704,7.975,56.957,3.153,34.652,31.937,31.782,34.2,71.446,28.553,48.319,22.534,0.2,
218,diamond-3,15,7.66E+16,0.514,54.444,0.243,29.629,49.333,314.6,0.66,60.926,9.779,57.408,2.657,28.944,32.782,36.409,27.855,70.737,29.262,48.623,20.899,0.075,
219,diamond-3,15,SoareSamuel,0.312,16.111,0.195,16.111,25,235.9,0.781,56.943,6.189,63.523,2.928,36.082,37.893,26.056,44.486,68.485,31.514,46.977,25.1,0.097,
220,diamond-3,15,inSaneXpLiciTe,0.228,15.185,0.113,32.592,21.666,337.7,0.781,64.913,11.012,58.926,4.255,30.164,36.225,33.599,32.513,69.019,30.98,46.919,20.63,0.108,
221,diamond-3,15,7.66E+16,0.433,48.333,0.168,16.666,42.499,312.3,0.815,65.573,10.251,54.803,3.961,37.058,30.953,30.255,37.772,72.448,27.551,47.905,18.87,0.19,
222,diamond-3,15,MikeWazovskiii,0.46,57.916,0.24,9.166,50.833,298.3,0.5,61.421,7.227,63.887,2.155,31.239,34.331,32.995,32.886,69.514,30.485,49.219,22.676,0.1,
223,diamond-3,15,Dorasis,0.387,35.833,0.187,20,45.833,438.8,1.169,69.299,17.89,54.872,3.597,26.86,45.046,35.363,32.394,62.942,37.057,43.39,24.487,0.347,
224,diamond-3,15,d811d5f9fc010900,0.289,29.166,0.262,18.333,40,377.5,0.731,62.5,11.436,57.599,3.216,27.954,37.627,36.737,29.554,66.509,33.49,45.148,25.792,0.079,
225,diamond-3,15,603e0f0b68754ddba5d22485fc1c7537,0.199,17.708,0.239,0,30,393,0.879,65.647,11.455,58.511,3.683,31.149,37.387,33.784,33.916,67.813,32.186,48.176,23.125,0.459,
226,diamond-3,15,Daniel96PS,0.451,19.791,0.309,15.625,15.833,175.3,0.214,53.852,3.359,68.176,2.556,36.139,30.871,34.798,30.634,73.647,26.352,54.614,17.503,0.04,
227,diamond-3,15,560ab913c3b54cc28a248235c375bb9f,0.383,36.458,0.171,22.916,38.666,379.3,0.69,59.699,6.788,62.261,3.703,30.176,35.48,33.135,31.085,67.838,32.161,47.165,21.987,0.32,
228,diamond-3,15,d6a70b02beb542fa9bd5d86d96892d6e,0.449,30.166,0.306,15.333,43.666,246.6,0.317,57.586,5.161,70.705,3.068,41.952,28.972,29.245,40.839,79.092,20.907,52.881,17.499,0.074,
229,diamond-3,15,7.66E+16,0.407,43.333,0.235,17.5,54.999,380.6,0.655,65.434,12.268,56.914,4.05,33.665,32.438,31.446,33.762,73.886,26.113,48.027,21.586,0.1,
230,diamond-3,15,jefemaestro_one,0.54,33.333,0.34,25,24.333,352.8,0.6,64.93,11.891,57.703,5.813,34.715,35.214,38.894,29.841,72.621,27.378,52.561,21.178,0.1,
231,diamond-3,15,9eadf28fad6645289ed8d6ab23efcc75,0.403,33.333,0.269,7.407,24.999,295.4,0.826,59.952,6.573,64.417,4.157,35.642,33.102,34.464,34.286,74.159,25.84,51.445,18.856,0.202,
232,diamond-3,15,7.66E+16,0.4,23.809,0.131,11.904,20.333,378.7,0.953,64.182,11.98,62.773,4.144,30.396,37.682,34.607,34.252,67.506,32.493,41.321,27.11,0.211,
233,diamond-3,15,7.66E+16,0.437,19.444,0.195,27.777,10.333,314.9,0.557,62.83,8.777,63.853,3.731,33.326,32.008,34.44,31.491,71.895,28.104,42.222,24.559,0.2,
234,diamond-3,15,70494707f9010900,0.406,40.952,0.235,16.666,34.166,379.7,0.572,66.426,13.517,62.852,4.142,41.356,29.385,29.586,39.153,73.889,26.11,47.137,21.819,0.27,
235,diamond-3,15,7.66E+16,0.435,30,0.236,14.666,33.333,321.5,0.48,60.278,7.949,64.066,3.531,37.432,31.769,29.625,38.968,72.187,27.812,51.196,18.774,0.153,
236,diamond-3,15,02f9d7dc25b44f5a87884bdfee413f14,0.522,14.814,0.252,18.518,14.444,393.7,0.814,67.369,13.766,54.282,4.955,30.098,36.036,37.363,30.906,70.796,29.203,49.115,20.447,0.132,
237,diamond-3,15,7.66E+16,0.38,33.333,0.179,17.777,27.499,424.6,0.5,68.169,13.853,54.14,5.944,34.829,34.803,33.368,36.013,70.874,29.125,51.221,21.084,0.14,
238,diamond-3,15,7356a58431f9429fba0de1f55a58056f,0.427,35.37,0.257,25.74,41.666,366.8,0.33,64.269,9.59,60.937,2.089,37.426,33.082,30.558,36.727,74.005,25.994,51.296,19.348,0.115,
239,diamond-3,15,60d46510903d45bf922dbb7958e6356b,0.532,40.833,0.193,2.5,27.499,272.7,0.426,61.182,7.222,64.617,2.992,43.09,27.684,30.423,39.484,77.913,22.086,52.419,17.901,0.11,
240,diamond-3,15,33076c0000000900,0.334,40.833,0.229,15,60.333,291.7,0.568,62.278,7.384,66.244,2.634,32.963,37.234,33.488,36.043,69.832,30.167,49.679,22.298,0.254,
241,diamond-2,14,2070b0a2f8a742c0b187882691bb2789,0.592,55.303,0.159,9.545,44.999,339.3,0.371,61.76,8.699,63.024,1.99,30.594,35.126,38.338,29.824,72.413,27.586,45.681,23.034,0.136,
242,diamond-2,14,7.66E+16,0.455,39,0.161,18.333,36.666,310.3,0.509,64.082,8.925,67.491,2.279,31.143,35.568,29.748,37.906,69.265,30.734,47.37,19.515,0.166,
243,diamond-2,14,7a546367b1a040019eedd7040785c941,0.24,20.37,0.257,22.222,20,352.7,0.582,62.204,10.399,57.772,4.889,38.539,31.583,32.162,38.341,73.536,26.463,49.518,21.461,0.188,
244,diamond-2,14,a066d20500000900,0.521,20.37,0.189,20.37,14.166,351.5,0.646,62.86,8.507,63.819,2.688,27.955,36.732,38.287,27.428,70.804,29.195,46.317,25.4,0.192,
245,diamond-2,14,7.66E+16,0.418,35.185,0.29,25,28.333,289.3,0.283,59.282,6.281,59.416,3.513,38.41,29.147,34.431,32.827,72.415,27.584,50.33,18.657,0.02,
246,diamond-2,14,7.66E+16,0.499,42.592,0.273,22.222,38.333,307.4,0.725,60.547,6.389,57.525,4.894,31.201,36.729,33.538,34.144,67.833,32.166,49.12,20.172,0.14,
247,diamond-2,14,7.66E+16,0.293,21.296,0.1,2.777,30,331.9,0.551,63.539,11.735,60.46,2.477,36.844,31.613,34.602,33.326,72.424,27.575,52.975,19.04,0.213,
248,diamond-2,14,7.66E+16,0.48,31.481,0.38,20.37,25.833,303.4,0.52,61.152,8.526,59.847,3.463,31.564,32.018,35.046,29.373,71.759,28.24,51.648,19.051,0.06,
249,diamond-2,14,0927a72ee6054fbe8d5ec0faf32017bb,0.479,27.5,0.289,29.166,30.166,332.8,0.65,61.06,10.783,59.417,3.221,41.715,29.222,31.231,38.484,77.642,22.357,51.421,17.492,0.134,
250,diamond-2,14,7.66E+16,0.557,22.916,0.131,23.75,11.666,335.3,0.513,62.291,9.043,63.069,3.8,29.745,33.806,31.106,33.581,71.017,28.982,47.844,20.95,0.111,
251,diamond-2,14,7.66E+16,0.521,47.5,0.164,33.333,41.666,289.2,0.413,61.73,7.527,64.989,1.091,29.683,36.055,35.078,31.546,72.308,27.691,52.974,17.205,0.184,
252,diamond-2,14,48deac376d5e4d03b0d4426736b6ece4,0.399,36.666,0.22,18.333,39.166,389.3,0.539,65.326,13.476,61.568,2.448,34.442,34.539,31.193,38.82,70.728,29.271,54.626,16.646,0.119,
253,diamond-2,14,7.66E+16,0.391,29.629,0.271,37.037,36.999,379.5,0.332,62.013,7.896,61.292,1.597,33.022,30.57,33.542,30.007,76.034,23.965,52.534,16.507,0.02,
254,diamond-2,14,7.66E+16,0.452,26.851,0.197,3.703,39.166,297.1,1.027,62.026,11.337,51.735,1.974,40.948,33.015,29.831,42.699,73.334,26.665,54.101,20.301,0.093,
255,diamond-2,14,aki84uko_,0.276,5,0.127,8.333,5,435.1,0.991,71.36,18.787,55.888,3.337,31.859,38.531,29.259,41.424,64.786,35.213,47.115,23.91,0.383,
256,diamond-2,14,7.66E+16,0.367,34.259,0.213,8.333,29.333,259.7,0.637,58.234,8.465,60.033,3.816,41.23,29.823,28.241,38.761,74.974,25.025,56.373,18.434,0,
257,diamond-2,14,92a599e1f0fc4c71bc6f047d77721961,0.512,25.37,0.084,22.222,15.166,290.2,0.261,62.291,6.963,60.228,3.192,31.764,35.711,32.93,35.11,69.299,30.7,49.528,20.203,0.06,
258,diamond-2,14,46ea1f9f9d444caba54e2f4a41386cc4,0.513,35.833,0.16,6.666,27.952,262.4,0.599,57.708,6.103,67.239,1.453,30.515,35.634,31.001,34.642,68.368,31.631,49.314,18.536,0.14,
259,diamond-2,14,fc213e4e47394beca4ce8acce6c43552,0.672,36.19,0.248,14.285,35.833,430.7,1.176,62.643,12.575,64.807,2.115,32.602,38.781,31.761,41.883,67.645,32.354,50.793,23.145,0.468,
260,diamond-2,14,1f992ebec8f849a798ba806ffe697d0f,0.336,38.333,0.169,8.333,68.333,259.7,0.265,57.626,3.978,68.606,3.02,38.861,27.329,30.753,34.387,75.819,24.18,57.222,13.271,0.113,
261,diamond-2,14,1.04E+15,0.43,38.333,0.267,33.333,50.5,306.8,0.592,60.421,10.546,66.475,3.051,32.296,36.566,37.629,32.031,69.674,30.325,49.15,24.661,0.201,
262,diamond-2,14,7.66E+16,0.367,32.407,0.401,5.555,32,331.4,0.526,63.995,12.356,63.938,2.594,41.02,29.06,30.76,40.09,78.664,21.335,59.579,13.204,0.136,
263,diamond-2,14,7.66E+16,0.371,38.888,0.232,31.481,26.666,317.9,0.443,61.226,9.788,63.651,2.931,34.055,34.14,36.078,32.368,75.426,24.573,56.806,16.621,0.237,
264,diamond-2,14,5ec28711ca68430180be3123edbccf86,0.383,35.416,0.165,6.25,16.166,275,0.544,58.913,7.065,66.099,1.948,31.564,35,32.215,32.69,71.717,28.282,52.78,18.923,0.217,
265,diamond-2,14,128f27caa8c44d5ba14ab0080e016fa3,0.423,40,0.212,38.333,33.999,323.7,0.41,65.517,10.997,58.663,5.193,35.308,35.761,33.161,36.664,73.836,26.163,50.936,18.485,0.07,
266,diamond-2,14,7.66E+16,0.384,42.592,0.204,18.518,35,329.8,0.628,60.547,7.23,60.795,3.529,28.783,34.876,40.4,27.088,76.132,23.867,46.334,22.261,0.024,
267,diamond-2,14,7.66E+16,0.332,7.407,0.373,24.074,6.666,202.7,0.336,57.395,3.87,67.77,2.403,40.5,27.582,26.432,39.303,76.619,23.38,52.21,16.462,0.032,
268,diamond-2,14,594446f6f3010900,0.412,39.166,0.167,27.083,32,272.7,0.506,61.591,7.76,56.057,3.202,28.876,35.316,38.204,27.276,70.952,29.047,44.572,25.372,0.119,
269,diamond-2,14,7.66E+16,0.451,30.833,0.329,24.166,28.333,330.4,0.666,61.317,6.166,65.77,2.148,38.403,30.476,28.044,38.299,71.071,28.928,47.984,20.438,0.225,
270,diamond-2,14,7.66E+16,0.54,39.166,0.28,3.333,40.666,388.5,0.939,65.773,10.54,59.027,3.758,31.866,36.421,35.731,32.3,69.291,30.708,48.689,19.571,0.04,
271,platinum-3,12,788a2e4a38a24be4955a3cca3aa08567,0.396,33.333,0.204,9.259,32.5,250.7,0.509,60.439,7.369,67.011,2.208,33.953,33.452,31.683,36.897,71.615,28.384,51.553,17.646,0.133,
272,platinum-3,12,7c96d3f78e034ea6b49cb0fa2d922f02,0.346,34.259,0.207,20.37,30,328.9,0.636,61.126,7.238,62.615,1.766,33.327,34.51,33.548,35.457,70.166,29.833,54.079,19.386,0.136,
273,platinum-3,12,7.66E+16,0.324,37.333,0.074,20,41.666,461.9,0.981,69.295,18.864,52.429,4.201,30.211,41.855,34.252,37.096,63.653,36.346,43.942,25.108,0.283,
274,platinum-3,12,3252981cb7ef4910b0932f2e589bebb9,0.291,11.481,0.093,5.555,13.333,304.9,0.439,62.395,7.302,65.147,3.248,40.399,32.405,30.84,40.997,72.94,27.059,55.156,16.476,0.208,
275,platinum-3,12,7.66E+16,0.379,32.592,0.159,10.37,36.5,329.3,0.439,60.26,8.518,63.651,4.528,40.708,31.194,29.97,40.223,73.699,26.3,55.499,15.349,0.099,
276,platinum-3,12,mortonp11,0.28,31.481,0.154,28.703,38.333,310.9,0.499,56.613,6.154,70.314,1.696,39.173,31.706,28.91,40.658,72.333,27.666,55.072,18.188,0.1,
277,platinum-3,12,7.66E+16,0.457,42.5,0.159,21.666,43.333,345.1,0.618,61.417,8.985,57.954,2.78,31.17,36.711,35.582,33.32,69.305,30.694,45.881,23.653,0.239,
278,platinum-3,12,03fa7baaf84e451d90b97ccd265fc661,0.345,17,0.153,17,24.166,293.4,0.36,59.013,6.544,63.078,3.232,35.385,29.926,36.187,28.76,75.21,24.789,49.817,17.507,0.171,
279,platinum-3,12,4f0a241cce1247088788c5cc73593050,0.329,25.925,0.213,20.37,44.999,311.9,0.472,59.752,6.383,63.839,3.108,40.352,30.002,29.585,40.344,75.155,24.844,55.618,17.773,0.057,
280,platinum-3,12,7.66E+16,0.347,37.037,0.155,40.74,40,343,0.845,62.795,12.086,63.178,1.526,31.776,36.611,31.487,37.673,71.924,28.075,46.632,24.273,0.137,
281,platinum-3,12,Masta8326,0.249,26.851,0.145,45.555,20,247.5,0.406,60.886,5.995,62.732,2.612,32.107,34.266,33.908,33.13,73.032,26.967,49,22.342,0.117,
282,platinum-3,12,7.66E+16,0.453,43.75,0.2,12.5,29.5,326.1,0.544,63.804,9.698,64.229,4.454,37.059,33.771,28.634,39.15,71.317,28.682,47.526,22.382,0.093,
283,platinum-3,12,9468636bf0010900,0.47,42.407,0.152,35.74,42.499,301.3,0.674,60.247,8.634,60.903,2.047,34.434,34.43,31.52,36.076,72.723,27.276,49.754,19.861,0.113,
284,platinum-3,12,738ec064fc010900,0.28,37.777,0.205,21.111,23.666,323.1,0.628,60.534,8.259,59.758,4.584,33.18,33.317,36.406,31.788,69.844,30.155,52.906,18.49,0.06,
285,platinum-3,12,4ff3a00eeaa00900,0.225,20.833,0.191,22.5,22.5,254.2,0.732,67.395,13.693,57.52,0.786,42.783,31.817,20.851,53.424,74.65,25.349,56.784,16.644,0.348,
286,platinum-3,12,b854e09c06364b308a6a960564e57282,0.347,22.5,0.157,25,41.666,318.8,0.332,63.078,9.722,68.252,2.445,38.146,30.151,29.609,39.19,77.168,22.831,44.501,20.602,0.097,
287,platinum-3,12,7.66E+16,0.54,39.166,0.28,3.333,40.666,388.5,0.939,65.773,10.54,59.027,3.758,31.866,36.421,35.731,32.3,69.291,30.708,48.689,19.571,0.04,
288,platinum-3,12,1.04E+15,0.43,38.333,0.267,33.333,50.5,306.8,0.592,60.421,10.546,66.475,3.051,32.296,36.566,37.629,32.031,69.674,30.325,49.15,24.661,0.201,
289,platinum-3,12,18db22c7ad04422780a3395207056d9c,0.557,40,0.165,18.333,38.333,375.3,0.938,66.217,13.763,67.291,0.74,29.733,37.872,33.844,32.678,71.71,28.289,46.631,26.788,0.186,
290,platinum-3,12,1f992ebec8f849a798ba806ffe697d0f,0.336,38.333,0.169,8.333,68.333,259.7,0.265,57.626,3.978,68.606,3.02,38.861,27.329,30.753,34.387,75.819,24.18,57.222,13.271,0.113,
291,platinum-3,12,7.66E+16,0.478,32,0.237,17.833,31.666,250.4,0.517,62.452,6.954,61.484,2.214,31.733,36.157,34.746,33.272,72.628,27.371,45.385,23.477,0.1,
292,platinum-3,12,831c24e7f2010900,0.34,42.142,0.14,5.714,24.166,209.4,0.219,55.408,4.498,61.441,2.624,34.747,35.716,35.947,36.829,71.198,28.801,48.19,22.905,0.02,
293,platinum-3,12,7.66E+16,0.442,24.166,0.174,25.833,21.249,393.6,0.682,64.091,11.022,58.918,2.824,29.473,38.696,38.196,29.108,69.511,30.488,47.637,21.737,0.154,
294,platinum-3,12,7.66E+16,0.113,12.5,0.412,19.791,10,196.8,0.052,52.63,3.249,64.134,1.297,55.262,21.908,28.176,44.197,82.027,17.972,73.255,8.626,0,
295,platinum-3,12,b230e30e00000900,0.493,45,0.282,21.666,39.166,230.9,0.482,59.46,5.584,55.446,3.075,33.118,34.085,33.678,35.393,70.603,29.396,52.909,21.952,0.038,
296,platinum-3,12,08f37126a4e448cb96f5e558c2869590,0.611,68.75,0.254,13.541,36.833,382.7,0.708,64.421,11.872,63.854,2.25,36.999,35.77,36.516,36.482,75.819,24.18,55.457,17.932,0.098,
297,platinum-3,12,3aa93dde0e174f48998e58934a9f5cd2,0.236,13.541,0.128,7.291,14.166,231.5,0.238,59.108,5.83,64.975,1.389,30.093,33.8,34.312,31.452,73.388,26.611,53.129,17.204,0.094,
298,platinum-3,12,4ed81ec9f1010900,0.178,17.708,0.09,18.75,20,213.3,0.151,58.926,5.416,68.63,1.357,39.518,30.755,29.41,37.509,75.46,24.539,59.225,14.699,0.052,
299,platinum-3,12,3f09749df9764e57a47634fac7ad7987,0.222,34.629,0.23,16.111,51.666,280.3,0.354,58.843,7.008,56.263,3.895,40.04,28.645,32.093,36.701,73.909,26.09,58.499,14.331,0.072,
300,platinum-3,12,7.66E+16,0.338,40,0.219,8.75,40.333,360.6,0.53,65.182,11.785,62.401,3.002,37.616,33.799,35.254,36.207,75.187,24.812,56.785,16.718,0.152,
301,diamond-1,13,01ffb94aa9b24385ac77245b7774b77d,0.336,18.5,0.169,30.5,35.357,358.5,0.496,65.104,9.906,64.609,2.886,42.008,30.225,25.083,44.414,74.544,25.455,54.224,18.388,0.22,
302,diamond-1,13,7.66E+16,0.478,28.333,0.224,48.333,23.333,346.3,0.457,63.021,7.885,60.395,2.191,30.7,35.538,36.294,30.468,70.427,29.572,47.539,23.745,0.078,
303,diamond-1,13,7.66E+16,0.423,22.083,0.115,28.541,16.666,235.8,0.43,55.695,4.681,73.029,1.459,36.447,31.724,31.288,34.54,74.349,25.65,50.473,18.556,0.077,
304,diamond-1,13,7.66E+16,0.821,69.444,0.313,16.851,42.547,388.2,0.586,64.152,11.126,55.483,4.108,30.679,37.516,37.611,31.856,72.114,27.885,48.349,20.328,0.095,
305,diamond-1,13,7.66E+16,0.214,21.111,0.154,8.888,40,392.2,0.494,66.173,11.012,65.122,3.732,35.437,30.313,29.672,37.886,73.867,26.132,51.827,16.204,0.255,
306,diamond-1,13,9ca96a8bde9c48a5a38377ad42f9d154,0.451,53.541,0.13,13.75,40.166,331.9,0.773,63.086,6.514,64.645,2.624,34.668,33.39,34.391,32.53,69.879,30.12,47.083,20.879,0.176,
307,diamond-1,13,fdcf350300000900,0.619,49.259,0.219,8.703,26.833,207.4,0.375,57.091,4.15,70.69,1.919,38.525,30.784,32.198,35.055,77.593,22.406,56.028,16.921,0.075,
308,diamond-1,13,2b8743d0f5010900,0.375,28.333,0.203,3.333,32.333,264.9,0.356,59.908,5.841,63.293,2.35,42.968,28.883,30.94,36.855,75.58,24.419,56.851,15.186,0.06,
309,diamond-1,13,7.66E+16,0.512,38.095,0.297,15.476,24.999,368,0.785,65.347,13.429,63.798,3.006,34.067,32.931,33.507,34.298,72.377,27.622,45.749,22.321,0.158,
310,diamond-1,13,c16fa50342554860ab988446b1c6dcc2,0.576,32.291,0.238,40.625,21.666,345.6,0.519,67.439,11.127,55.294,2.95,34.638,32.027,36.43,30.534,73.214,26.785,46.485,19.951,0.1,
311,diamond-1,13,7.66E+16,0.354,38.095,0.14,7.142,37.666,286.1,0.533,64.795,10.481,64.167,1.783,30.687,35.486,31.751,34.463,69.691,30.308,44.368,24.755,0.139,
312,diamond-1,13,7.66E+16,0.476,45,0.196,28.518,40.833,263.7,0.668,58.452,6.728,61.98,3.139,31.619,31.284,31.095,31.465,70.868,29.131,45.907,24.793,0.02,
313,diamond-1,13,7.66E+16,0.35,23.928,0.19,17.619,25,300.9,0.44,63.656,9.52,57.393,2.885,34.127,33.687,32.779,36.772,71.649,28.35,48.809,20.107,0.174,
314,diamond-1,13,7.66E+16,0.418,50,0.259,36.666,28.333,256.8,0.337,58.617,4.562,56.172,3.691,36.213,34.623,31.86,37.037,71.508,28.491,51.191,19.136,0.079,
315,diamond-1,13,7.66E+16,0.38,24.166,0.18,20,38.666,290.6,0.72,66.747,10.119,59.683,3.813,33.636,37.144,32.562,40.062,70.486,29.513,44.583,21.952,0.06,
316,diamond-1,13,KinnarBahu,0.62,45.625,0.28,33.75,35.416,414.5,0.74,66.53,12.766,65.083,4.684,30.213,40.495,36.776,33.23,66.204,33.795,45.78,25.006,0.26,
317,diamond-1,13,23393204762248839f6ba49d8c81faa4,0.32,22.619,0.2,42.142,28.333,348.4,0.66,62.36,8.463,64.402,1.893,31.805,35.552,32.398,36.159,66.807,33.192,47.678,22.279,0.26,
318,diamond-1,13,Tyhor_98,0.48,21.666,0.26,20.238,26.666,243.8,0.18,59.865,6.907,68.803,2.096,39.989,26.782,33.935,33.49,73.59,26.409,50.242,20.289,0.02,
319,diamond-1,13,b854e09c06364b308a6a960564e57282,0.347,22.5,0.157,25,41.666,318.8,0.332,63.078,9.722,68.252,2.445,38.146,30.151,29.609,39.19,77.168,22.831,44.501,20.602,0.097,
320,diamond-1,13,*******,0.28,14.166,0.12,21.666,16,294,0.4,61.039,9.137,64.783,2.338,34.413,34.757,31.76,35.771,70.92,29.079,53.571,16.42,0.1,
321,diamond-1,13,7.66E+16,0.4,22.916,0.18,37.5,31.666,313,0.76,59.83,7.328,62.241,2.449,29.806,36.23,37.08,29.052,69.338,30.661,48.742,21.042,0.26,
322,diamond-1,13,7.66E+16,0.386,18.518,0.368,24.074,13.333,371.9,0.581,62.582,8.649,60.936,3.352,36.315,34.102,34.606,34.623,72.361,27.638,53.928,19.418,0.157,
323,diamond-1,13,7.66E+16,0.525,50,0.197,0,35.833,160.4,0.35,58.365,4.046,69.452,0.859,39.014,30.506,26.471,42.055,74.127,25.872,56.315,15.326,0.097,
324,diamond-1,13,7.66E+16,0.243,11.111,0.215,33.333,10,250.5,0.638,55.856,5.299,66.098,1.484,34.504,35.296,33.952,37.01,72.204,27.795,49.156,20.367,0.191,
325,diamond-1,13,7.66E+16,0.453,43.75,0.2,12.5,29.5,326.1,0.544,63.804,9.698,64.229,4.454,37.059,33.771,28.634,39.15,71.317,28.682,47.526,22.382,0.093,
326,diamond-1,13,TonyTonto,0.484,31.083,0.156,16.583,55,454.4,0.796,70.534,16.601,58.879,3.503,33.488,34.307,37.546,32.589,73.201,26.798,49.112,22.309,0.159,
327,diamond-1,13,770f962bfd010900,0.262,6.25,0.236,37.5,10,244.4,0.254,57.856,6.082,67.5,2.759,40.675,30.743,27.225,43.053,71.435,28.564,58.489,16.16,0.12,
328,diamond-1,13,7a418814f9010900,0.311,19.047,0.096,33.333,20,312,0.503,57.365,5.433,65.037,2.925,35.167,33.91,33.133,34.678,70.264,29.735,51.611,21.162,0.08,
329,diamond-1,13,19974848f3010900,0.36,18.518,0.14,20.185,29.999,308.1,0.34,62.852,7.138,65.868,4.146,41.949,28.463,31.6,38.073,77.251,22.748,53.995,16.468,0.1,
330,diamond-1,13,7.66E+16,0.674,79.166,0.236,6.666,57.083,327.5,0.695,63.673,11.485,56.556,3.961,31.954,37.892,39.828,32.434,71.18,28.819,47.892,23.067,0.42,
331,platinum-2,11,8e3e8deb25344a6f864b95db825db92f,0.274,20.833,0.232,19.791,20,291.2,0.433,63.152,10.234,55.482,3.998,36.151,31.858,32.37,36.233,74.121,25.878,50.338,19.379,0.12,
332,platinum-2,11,DonDieselShifty,0.337,15,0.125,12.5,13.333,276.6,0.746,62.434,8.026,69.332,2.479,38.651,32.039,32.358,37.931,70.967,29.032,52.259,19.807,0.194,
333,platinum-2,11,aa4db3e2ec60fb51,0.335,22.38,0.157,11.666,26.666,363,0.649,62.513,12.212,52.986,1.976,33.367,36.747,34.665,36.142,68.741,31.258,48.525,22.684,0.159,
334,platinum-2,11,c1d4b294df3f4083b02611c3e46146ce,0.512,42.5,0.209,30,64,304.9,0.695,60.786,9.032,62.254,3.061,36.845,34.266,36.839,33.257,73.847,26.152,53.937,19.03,0.169,
335,platinum-2,11,Naamtaar,0.217,35.833,0.193,17.5,39.999,251.5,0.412,59.543,4.807,63.882,3.483,36.559,33.009,30.437,37.995,71.019,28.98,51.797,19.638,0.115,
336,platinum-2,11,Deja_fan,0.399,15.833,0.12,7.5,30,369.4,0.92,60.352,8.561,66.001,2.059,28.285,38.327,33.589,33.321,64.859,35.14,45.643,24.477,0.26,
337,platinum-2,11,7.66E+16,0.414,20.666,0.393,15.833,20.666,243,0.422,59.621,6.103,63.635,2.717,40.798,30.066,31.123,37.84,75.683,24.316,55.872,15.631,0.047,
338,platinum-2,11,7.66E+16,0.422,41.666,0.168,30.333,26.666,302.1,0.653,61.469,6.868,64.199,2.866,32.527,35.717,30.376,36.677,72.273,27.726,44.039,24.688,0.117,
339,platinum-2,11,57e4bc0dde3048a8956b56767eab9a21,0.488,38.214,0.095,13.69,32.499,301.1,0.521,60.591,7.195,65.294,1.266,27.062,41.478,35.72,31.137,67.437,32.562,42.552,26.369,0.118,
340,platinum-2,11,*************,0.569,31.785,0.12,32.857,24.952,236.6,0.497,56.778,5.883,65.545,2.111,34.517,32.532,35.667,30.163,72.391,27.608,47.347,23.187,0.1,
341,platinum-2,11,***************,0.253,13.333,0.054,17.777,14.999,275.1,0.289,59.465,6.495,67.432,3.298,36.089,31.302,30.689,35.825,72.965,27.034,55.914,15.458,0.08,
342,platinum-2,11,79323b0800000900,0.317,21,0.1,27.5,29.999,148.6,0.228,56.595,3.329,70.28,1.971,28.563,38.061,32.247,33.287,67.633,32.366,46.217,23.616,0.04,
343,platinum-2,11,novahkiin26,0.282,27.083,0.238,26.041,33.333,333.4,0.479,59.634,6.065,61.829,2.055,31.757,34.915,37.132,29.091,73.911,26.088,50.681,20.49,0.02,
344,platinum-2,11,a8af419cfd1c43a5ad4123e2ab0740bf,0.426,43.333,0.281,15.833,35.333,199,0.423,61.013,6.656,71.706,1.422,35.952,33.664,32.435,35.375,75.752,24.247,51.799,18.181,0.1,
345,platinum-2,11,0f0a1768fe010900,0.47,48.333,0.06,10.833,68.333,372.6,0.526,64.991,10.814,57.56,3.567,32.43,34.308,35.033,33.398,71.227,28.772,47.553,21.765,0.04,
346,platinum-2,11,31566c9732d64e818b91a2e86a2ca171,0.492,41.666,0.198,11.666,34.5,402.7,0.977,61.873,10.536,70.131,1.132,37.753,34.067,32.01,39.116,73.049,26.95,52.436,19.764,0.237,
347,platinum-2,11,f831530000000900,0.409,38.333,0.137,21.666,25,314.5,0.546,61.991,8,67.156,3.673,30.69,34.422,38.004,28.053,71.04,28.959,50.135,21.93,0.197,
348,platinum-2,11,b942d10200000900,0.331,20,0.177,6.666,19.999,236,0.331,59.417,5.607,73.503,1.473,32.754,30.696,29.39,33.696,70.281,29.718,50.194,20.034,0.098,
349,platinum-2,11,a2833c8aad0446b595735b40e1cd0b53,0.355,19.166,0.19,20,23.333,342.4,0.555,61.134,7.062,65.127,1.814,43.007,28.048,28.158,40.814,78.717,21.282,54.329,14.707,0.06,
350,platinum-2,11,7.66E+16,0.291,30,0.16,9.166,34.999,273.6,0.629,61.652,8.428,62.094,2.071,31.398,37.409,32.065,36.44,67.274,32.725,46.389,22.839,0.146,
351,platinum-2,11,9e7b91a4b438434e84750c3e6a0e33c7,0.57,52.083,0.19,25,59,400,0.676,64.304,9.572,60.189,3.193,28.165,38.238,32.153,37.543,66.025,33.974,45.749,24.348,0.197,
352,platinum-2,11,AMZ_Seba_Sebo07,0.25,24.166,0.197,7.5,30,347.3,0.415,62.439,9.231,64.846,2.492,39.906,30.509,28.979,37.982,72.107,27.892,51.214,19.631,0.02,
353,platinum-2,11,f9df37f4e69147ff982f95d78fa0023c,0.545,45.925,0.108,16.481,34.142,301.4,0.593,63.313,6.113,63.462,2.827,26.656,36.963,31.7,35.577,70.397,29.602,45.393,23.227,0.124,
354,platinum-2,11,3d38245751f045659703a4417ebacdf6,0.33,30,0.13,15,26.666,344,0.606,63.43,10.665,67.344,1.367,32.048,35.13,31.624,35.285,69.17,30.829,49.673,22.066,0.471,
355,platinum-2,11,e09f790100000900,0.536,17.5,0.161,37.5,9.555,264.5,0.27,60.86,7.219,64.042,1.441,34.685,35.182,28.893,39.797,70.317,29.682,50.419,21.379,0.02,
356,platinum-2,11,51e00497f2010900,0.36,26.666,0.18,41.666,29.999,269.7,0.56,59.726,8.265,63.76,1.961,32.108,35.123,35.144,32.652,70.804,29.195,47.723,21.872,0.12,
357,platinum-2,11,HMK-1-,0.324,40,0.158,31.666,47.5,286.6,0.368,61.526,9.252,60.629,1.807,33.678,35.439,34.24,32.156,71.895,28.104,51.026,21.016,0.117,
358,platinum-2,11,406e7baec40f41209aea32fbb58ad81d,0.857,88.333,0.262,1.666,43.666,298.4,0.519,61.478,6.516,54.882,3.801,29.176,38.609,43.136,29.616,77.132,22.867,50.382,18.037,0.16,
359,platinum-2,11,e37170e9f9010900,0.104,10,0.197,19.166,10,196.1,0.27,48.56,2.721,80.081,1.232,42.977,29.831,26.509,44.66,74.604,25.395,58.007,14.074,0.035,
360,platinum-2,11,Geekella3,0.054,1.666,0,18.333,10,237.8,0.187,54.913,3.942,76.522,0.774,32.602,32.416,31.212,30.373,72.223,27.776,56.246,15.565,0.09,
361,platinum-1,10,f1f864f11b634d82a3c88049c0152b18,0.4,35.185,0.148,17.777,37.499,361.9,0.437,61.052,9.481,61.571,2.795,31.874,35.595,34.613,33.108,68.042,31.957,52.398,18.137,0.173,
362,platinum-1,10,5f5c8e88b8fc4e33aa68c458443ce094,0.752,42.5,0.252,37.5,34.833,410.6,0.704,63.947,13.047,55.903,4.502,31.539,33.878,42.553,23.693,75.33,24.669,49.865,20.864,0.09,
363,platinum-1,10,1379b86bd5a84b89aa6858e8928042b0,0.423,36,0.189,15,25.833,295.6,0.594,63.099,10.027,61.287,1.822,31.962,34.721,32.984,31.476,68.89,31.109,49.211,23.125,0.479,
364,platinum-1,10,e9e149dd0c9448b18c85de127ebe86c1,0.507,40.666,0.206,47.333,25.833,318.4,0.628,64.939,9.726,57.975,3.754,37.058,31.298,36.526,33.023,74.977,25.022,51.23,21.948,0.247,
365,platinum-1,10,7.66E+16,0.304,23.333,0.122,5.333,22.5,259.6,0.465,59.308,7.361,57.967,2.465,32.722,34.176,30.663,36.925,71.01,28.989,48.104,22.473,0.161,
366,platinum-1,10,7.66E+16,0.294,12.333,0.055,11.166,26.666,238.9,0.354,58.3,4.477,58.564,1.604,39.04,30.71,27.411,40.422,72.646,27.353,52.084,22.379,0.179,
367,platinum-1,10,7.66E+16,0.236,40.476,0.06,16.666,41.666,204.6,0.296,59.417,4.919,65.137,4.4,36.833,33.913,32.13,38.692,70.855,29.144,48.491,20.746,0.096,
368,platinum-1,10,6beb1aadd1da0900,0.344,25.37,0.118,27.222,38.333,224.5,0.187,58.478,5.655,68.424,1.383,35.809,30.759,31.462,34.383,74.431,25.568,54.165,16.518,0.131,
369,platinum-1,10,65ee7107ff7b4777b57ccdb01808ab4b,0.492,59.047,0.152,8.928,65.619,337.4,0.636,62.808,8.108,63.963,2.406,36.34,31.867,39.202,29.516,75.816,24.183,48.337,22,0.152,
370,platinum-1,10,7.66E+16,0.399,22.222,0.279,33.333,16.666,382.4,0.599,61.443,9.846,66.388,1.437,36.872,33.005,31.482,37.47,75.711,24.288,60.289,15.497,0.099,
371,platinum-1,10,7.66E+16,0.298,50,0.159,25,23.333,350.2,0.478,59.886,7.962,65.955,1.707,22.738,35.689,40.952,18.755,73.328,26.671,50.881,20.179,0.159,
372,platinum-1,10,8f6405fd66db4825b57e7c313302b722,0.179,27.777,0.02,11.111,10,184.4,0.279,55.039,5.2,71.351,1.123,41.311,30.56,26.679,44.892,74.985,25.014,63.553,13.559,0.04,
373,platinum-1,10,43854d4a2a35453ab1cb20dc71e114a4,0.28,43.75,0.323,10.416,37.5,227.7,0.323,54.256,3.512,69.75,1.759,34.145,33.162,35.609,30.616,70.652,29.347,50.17,22.544,0.169,
374,platinum-1,10,8f9ab529f5010900,0.617,41.851,0.111,17.037,32.38,334.8,0.876,65.73,12.423,53.225,3.383,35.786,37.177,29.091,44.767,67.426,32.573,46.945,23.896,0.078,
375,platinum-1,10,7.66E+16,0.51,37.291,0.04,19.791,28.666,321,0.512,64.373,8.969,58.646,3.3,35.697,32.567,31.88,36.581,73.448,26.551,46.124,21.279,0.257,
376,platinum-1,10,639dfa30f73f4ffd802504f271eb31d4,0.416,35.185,0.14,22.222,33.333,261.6,0.477,56.586,6.922,61.986,2.318,34.221,35.172,35.757,34.656,72.633,27.366,54.55,20.523,0.1,
377,platinum-1,10,TonyMontanaDL,0.197,13.888,0.04,8.333,20,229.7,0.216,62.282,8.157,61.753,0.956,26.847,37.657,37.063,28.898,70.159,29.84,50.681,18.487,0.076,
378,platinum-1,10,f01bdb64f0010900,0.52,27.142,0.216,28.333,22.142,261.2,0.776,59.682,7.787,65.335,2.528,37.824,32.84,28.223,40.352,70.212,29.787,49.649,21.503,0.569,
379,platinum-1,10,9fde564e0529484ea075505905b1cf89,0.553,35.925,0.26,39.629,39.999,366,0.633,61.291,8.829,60.035,2.85,30.744,37.797,39.101,32.033,68.444,31.555,47.987,23.232,0.12,
380,platinum-1,10,7.66E+16,0.237,26.851,0.157,13.888,49.166,284.1,0.64,57.643,9.88,73.705,0.821,43.176,33.238,25.096,49.068,71.741,28.258,53.203,23.01,0.502,
381,platinum-1,10,c1d724c130d64daa86311e6debef33e3,0.12,15.833,0.08,21.5,15,198.2,0.227,56.847,4.688,69.554,1.705,32.23,28.59,27.636,32.636,69.666,30.333,51.88,17.269,0.073,
382,platinum-1,10,aa9a804052b348968b8dee0e952b8fcd,0.615,59.333,0.141,15.333,44.833,371.5,0.956,62.552,10.449,50.414,5.567,27.704,42.878,50.537,22.465,67.815,32.184,49.737,22.907,0.113,
383,platinum-1,10,hovergrave412,0.227,24.833,0.04,12.5,41.666,306,0.452,58.108,8.118,67.708,1.746,44.002,28.616,22.63,47.565,71.408,28.591,58.918,17.146,0.215,
384,platinum-1,10,3d38245751f045659703a4417ebacdf6,0.33,30,0.13,15,26.666,344,0.606,63.43,10.665,67.344,1.367,32.048,35.13,31.624,35.285,69.17,30.829,49.673,22.066,0.471,
385,platinum-1,10,7.66E+16,0.44,28.125,0.16,15.625,23.333,269.6,0.56,58.608,7.158,64.714,1.323,37.712,34.708,34.815,38.344,74.35,25.649,52.28,19.002,0.1,
386,platinum-1,10,ab0cddb9998c4b579b2c91d0510cbfb9,0.504,47.333,0.146,6,41.666,223.1,0.375,55.73,3.6,67.946,1.569,35.84,33.08,29.42,38.815,74.989,25.01,49.013,18.763,0.077,
387,platinum-1,10,b5f6e41e56744f31bf00de345acc655b,0.24,27.777,0.046,11.111,43.333,167,0.26,53.082,2.704,72.009,0.966,41.619,29.565,28.679,40.466,74.167,25.832,51.621,17.343,0.268,
388,platinum-1,10,31566c9732d64e818b91a2e86a2ca171,0.492,41.666,0.198,11.666,34.5,402.7,0.977,61.873,10.536,70.131,1.132,37.753,34.067,32.01,39.116,73.049,26.95,52.436,19.764,0.237,
389,platinum-1,10,0cde2c3ef6010900,0.154,15,0.192,10.833,20,219.5,0.411,56.108,5.929,73.113,1.302,34.563,33.873,31.491,38.787,72.724,27.275,53.632,18.189,0.06,
390,platinum-1,10,b95b2ea6fec2479d803dbafeb22da0dd,0.321,45,0.344,20.833,39.5,272.5,0.494,57.556,6.41,73.851,1.054,30.726,32.214,34.299,29.676,77.042,22.957,52.683,17.285,0.136,
391,gold-3,9,b5f6e41e56744f31bf00de345acc655b,0.24,27.777,0.046,11.111,43.333,167,0.26,53.082,2.704,72.009,0.966,41.619,29.565,28.679,40.466,74.167,25.832,51.621,17.343,0.268,
392,gold-3,9,7.66E+16,0.294,12.333,0.055,11.166,26.666,238.9,0.354,58.3,4.477,58.564,1.604,39.04,30.71,27.411,40.422,72.646,27.353,52.084,22.379,0.179,
393,gold-3,9,5e6d720dfd010900,0.769,39.833,0.079,28.166,31.944,417.9,0.759,71.656,22.059,51.231,5.907,29.638,39.86,42.206,28.899,69.613,30.386,42.114,28.136,0.449,
394,gold-3,9,e6884ac4de8744acb982b85783be1f85,0.666,44,0.209,15.666,50.833,324.2,0.539,64.121,11.502,66.757,3.334,45.383,27.042,25.327,44.01,77.265,22.734,53.072,18.676,0.119,
395,gold-3,9,e8ca717532d74616bb2848b4a7fa7fe0,0.399,26.166,0.069,36.166,39.166,278,0.259,60.221,6.157,59.134,1.4,31.895,33.825,34.765,31.812,72.126,27.873,44.424,25.191,0.109,
396,gold-3,9,c4fd2a3c50dc47168c93703fa2f188b0,0.62,55.666,0.246,24,54.523,317.5,0.58,59.721,6.784,65.743,2.819,36.153,32.996,32.81,34.316,73.133,26.866,49.319,19.915,0.188,
397,gold-3,9,KurtKnoedel,0.47,29.333,0.227,10.666,31.833,404.6,0.909,60.286,9.442,60.631,3.174,29.132,37.901,34.504,34.432,68.244,31.755,47.347,24.262,0.286,
398,gold-3,9,76ef27edf14c4e5085272abd8c8a6b26,0.151,6.666,0.146,13.666,20,314.3,0.079,59.121,6.133,73.166,0.981,36.675,28.756,33.479,31.458,75.016,24.983,52.072,19.461,0.111,
399,gold-3,9,BadPapa22,0.203,6.666,0.17,11.666,12.5,212.8,0.174,51.93,3.773,71.49,1.349,46.129,27.723,28.995,42.38,75.288,24.711,62.732,13.321,0.083,
400,gold-3,9,ca37657503b046ddb45abfb11c5d647c,0.28,53.333,0.13,0,44.166,224.5,0.422,59.695,6.661,60.145,1.934,35.416,32.882,30.432,37.694,72.096,27.903,48.034,21.328,0.115,
401,gold-3,9,643b96e8fc010900,0.368,34.166,0.079,5,48.333,380.2,0.704,63.056,11.857,59.681,2.556,37.889,31.505,32.537,36.381,68.985,31.014,48.966,22.032,0.133,
402,gold-3,9,Briansitoo707,0.177,24.074,0.097,37.037,35,187.2,0.307,59.378,5.995,69.879,1.418,22.626,42.607,31.438,34.107,61.978,38.021,46.093,23.131,0.076,
403,gold-3,9,7.66E+16,0.367,37.333,0.149,2,41.666,369.8,0.862,67.917,16.449,64.07,2.984,38.115,36.87,27.506,46.046,68.526,31.473,56.972,18.166,0.367,
404,gold-3,9,7.66E+16,0.445,20.333,0.176,13.666,30,374,1.582,66.413,19.977,71.882,1.586,41.46,35.044,22.102,53.223,70.66,29.339,54.488,21.779,0.378,
405,gold-3,9,415a0b3de6074b8889583d601767610c,0.59,67.083,0.092,8.333,42.261,374.4,0.661,60.073,7.746,61.302,1.622,33.714,37.053,34.046,35.064,67.97,32.029,43.602,26.88,0.328,
406,gold-3,9,9bb92a3de21396df,0.391,38.888,0.115,19.444,41.666,392.8,0.416,66.06,13.864,62.722,1.25,34.75,35.37,30.333,39.729,69.178,30.821,49.127,20.668,0.188,
407,gold-3,9,31566c9732d64e818b91a2e86a2ca171,0.492,41.666,0.198,11.666,34.5,402.7,0.977,61.873,10.536,70.131,1.132,37.753,34.067,32.01,39.116,73.049,26.95,52.436,19.764,0.237,
408,gold-3,9,8007f138d38fea09,0.298,39.259,0.128,17.037,40,331.1,0.461,58.13,9.537,68.123,2.111,41.742,32.007,35.585,38.061,73.379,26.62,57.806,18.657,0.273,
409,gold-3,9,********,0.324,11.904,0.177,19.047,13.333,322.2,0.445,61.521,10.195,62.796,1.858,38.25,31.231,32.99,35.647,72.265,27.734,51.772,18.991,0.126,
410,gold-3,9,329f210b00000900,0.332,20.833,0.198,16.666,19.166,214.9,0.486,59.034,5.691,62.008,1.394,28.475,39.242,34.258,33.481,65.742,34.257,46.941,23.044,0.174,
411,gold-3,9,7.66E+16,0.263,25.308,0.299,9.259,35,343.9,0.386,58.791,6.519,67.689,2.148,47.784,32.296,37.444,43.422,75.083,24.916,58.089,14.777,0.067,
412,gold-3,9,Talk_WALKINGDEAD,0.146,15.625,0.101,9.375,35,288.7,0.498,58.882,5.508,68.817,2.383,36.129,33.959,27.469,41.643,67.789,32.21,51.759,21.617,0.075,
413,gold-3,9,************,0.349,22.5,0.1,42.5,14.999,328.1,0.432,61.447,8.268,61.594,3.154,31.323,34.38,34.127,31.451,71.84,28.159,50.27,18.992,0.06,
414,gold-3,9,197795ebfc66444ab84439a94f5c3a1d,0.256,25.833,0.098,12.5,33.333,370.2,1.081,67.452,16.007,64.859,2.581,28.978,39.429,29.305,39.722,66.645,33.354,40.465,27.99,0.351,
415,gold-3,9,7.66E+16,0.286,23.333,0.094,5.833,30,323.9,1.009,58.965,7.179,70.141,1.563,33.245,37.239,30.685,38.238,66.839,33.16,46.577,25.825,0.546,
416,gold-3,9,4242fe0000000900,0.475,48.333,0.095,11.666,42.333,218.7,0.339,56.873,4.493,67.961,1.793,29.26,37.354,30.825,37.521,70.315,29.684,45.153,22.563,0.159,
417,gold-3,9,df6ef18bbc3a4f5996f9e6a8ac7f6930,0.321,38.333,0.106,5.833,61.666,324.3,0.263,59.773,7.718,68.878,2.202,36.61,29.138,31.327,32.722,74.084,25.915,54.186,17.077,0.131,
418,gold-3,9,f49269c6398b4179955b2b31ce0faeb1,0.2,15.185,0.178,19.814,26.666,269.2,0.297,54.499,5.435,71.721,1.358,38.856,32.183,27.867,41.039,72.388,27.611,52.866,18.222,0.06,
419,gold-3,9,267b7bcd603244af929b0cfdca948e7b,0.808,64.111,0.27,14.777,50.142,349.3,0.804,63.96,9.591,57.385,6.398,37.841,36.348,36.79,38.595,70.346,29.653,48.737,23.2,0.26,
420,gold-3,9,590659dbf7010900,0.232,37.5,0.056,19.166,58.333,242.5,0.741,56.886,5.732,62.326,1.566,33.87,37.851,32.736,37.98,68.41,31.589,49.213,23.199,0.15,
421,gold-2,8,8d973b628a5f4cf2a94b8e2325606656,0.376,53.518,0.2,13.888,58.999,359.4,0.4,65.352,11.615,66.149,1.995,41.077,31.684,30.267,41.63,75.209,24.79,53.055,16.459,0.04,
422,gold-2,8,b5f6e41e56744f31bf00de345acc655b,0.24,27.777,0.046,11.111,43.333,167,0.26,53.082,2.704,72.009,0.966,41.619,29.565,28.679,40.466,74.167,25.832,51.621,17.343,0.268,
423,gold-2,8,mikestat23,0.278,25.833,0.164,25.833,23.333,159.1,0.412,52.321,3.152,73.597,1.341,39.99,28.997,30.061,37.834,77.541,22.458,57.333,14.385,0.039,
424,gold-2,8,46081687c51e444ea2fcdd22566da78e,0.638,49.285,0.191,18.333,51.249,275.5,0.913,60.943,8.381,69.415,1.203,40.726,35.063,34.067,41.684,69.537,30.462,49.837,21.717,0.503,
425,gold-2,8,b96de12aa76e4b44a8989d8c9699a10c,0.388,27.833,0.139,18.166,44.833,280.9,0.721,63.599,9.685,68.392,2.401,38.495,30.9,32.656,37.395,73.348,26.651,49.257,22.644,0.291,
426,gold-2,8,17adc134ec4147e3bf5ca6a068a709f6,0.291,14.5,0.1,12.333,23.333,214.6,0.612,58.052,6.426,70.188,6.704,33.379,38.235,30.318,43.437,65.404,34.595,49.707,24.446,0.338,
427,gold-2,8,7.66E+16,0.294,12.333,0.055,11.166,26.666,238.9,0.354,58.3,4.477,58.564,1.604,39.04,30.71,27.411,40.422,72.646,27.353,52.084,22.379,0.179,
428,gold-2,8,f2f52fe28a2c49e18dbfaf7d7bb428d0,0.417,30.333,0.134,34,53,320.6,0.813,59.817,4.432,69.346,1.588,28.113,40.747,43.699,27.13,68.025,31.974,43.389,23.716,0.294,
429,gold-2,8,3fbf67fec959491195acb9a5263c80b5,0.254,28,0.077,13,28.333,320.6,0.466,58.182,7.098,61.705,1.913,43.044,32.019,30.653,44.141,75.015,24.984,53.154,16.687,0.06,
430,gold-2,8,97dc5f8324ab4c15911ae8d31234c19a,0.639,38.015,0.054,19.285,38.111,406.8,0.745,62.334,11.705,67.545,1.179,35.848,37.174,37.658,32.762,74.163,25.836,43.67,26.903,0.224,
431,gold-2,8,c1d724c130d64daa86311e6debef33e3,0.12,15.833,0.08,21.5,15,198.2,0.227,56.847,4.688,69.554,1.705,32.23,28.59,27.636,32.636,69.666,30.333,51.88,17.269,0.073,
432,gold-2,8,aa9a804052b348968b8dee0e952b8fcd,0.615,59.333,0.141,15.333,44.833,371.5,0.956,62.552,10.449,50.414,5.567,27.704,42.878,50.537,22.465,67.815,32.184,49.737,22.907,0.113,
433,gold-2,8,hovergrave412,0.227,24.833,0.04,12.5,41.666,306,0.452,58.108,8.118,67.708,1.746,44.002,28.616,22.63,47.565,71.408,28.591,58.918,17.146,0.215,
434,gold-2,8,4e80e896f6010900,0.383,42.333,0.177,15.333,54.999,247.8,0.354,59.078,7.626,66.88,1.647,37.938,32.741,31.934,38.121,71.585,28.414,55.86,15.191,0.057,
435,gold-2,8,Hoppy__Camper,0.388,24.166,0.12,10,25,247,0.314,58.139,4.161,61.067,2.58,29.202,39.302,35.838,33.034,66.587,33.412,49.954,22.612,0.019,
436,gold-2,8,ca37657503b046ddb45abfb11c5d647c,0.28,53.333,0.13,0,44.166,224.5,0.422,59.695,6.661,60.145,1.934,35.416,32.882,30.432,37.694,72.096,27.903,48.034,21.328,0.115,
437,gold-2,8,415a0b3de6074b8889583d601767610c,0.59,67.083,0.092,8.333,42.261,374.4,0.661,60.073,7.746,61.302,1.622,33.714,37.053,34.046,35.064,67.97,32.029,43.602,26.88,0.328,
438,gold-2,8,0dbbb5999bbd4059b65e0cdd56832c59,0.291,40.833,0.262,17.5,44.999,216.2,0.3,56.595,6.1,66.724,1.301,41.755,29.013,26.519,43.701,74.166,25.833,59.424,15.487,0.045,
439,gold-2,8,7.66E+16,0.211,50,0.148,19.791,25.333,228.5,0.429,56.465,4.26,71.371,1.323,31.029,37.471,31.783,34.072,67.634,32.365,49.563,20.661,0.079,
440,gold-2,8,df6ef18bbc3a4f5996f9e6a8ac7f6930,0.321,38.333,0.106,5.833,61.666,324.3,0.263,59.773,7.718,68.878,2.202,36.61,29.138,31.327,32.722,74.084,25.915,54.186,17.077,0.131,
441,gold-2,8,7.66E+16,0.26,13.888,0.04,25.925,20,274.3,0.46,61.16,8.293,64.005,2.131,39.836,32.587,29.862,40.484,72.692,27.307,54.446,17.63,0.22,
442,gold-2,8,531e1a0800000900,0.279,29.375,0.16,16.041,45,241.1,0.459,57.104,5.028,69.528,1.435,35.855,36.692,30.517,41.569,69.505,30.494,49.244,23.024,0.02,
443,gold-2,8,462f6d87467f4626b7ea2c8d6951a7fe,0.297,35.166,0.14,13.666,48.333,472.6,1.286,67.626,16.903,50.967,1.223,32.029,37.285,31.03,36.964,73.617,26.382,41.693,27.958,0.393,
444,gold-2,8,3d1cef70f3010900,0.282,26.785,0.184,23.75,41,324.3,0.318,64.93,10.868,54.872,3.414,30.154,39.234,37.605,32.156,67.465,32.534,51.159,22.781,0.16,
445,gold-2,8,154e3070251349d193ae6e5a8ff0f20f,0.256,12.833,0.04,13.5,24.999,195.1,0.28,58.565,3.919,68.57,1.392,25.211,37.06,35.907,26.346,68.751,31.248,40.498,27.075,0.04,
446,gold-2,8,7.66E+16,0.992,51.738,0.198,29.761,37.999,372.5,0.678,62.278,8.383,62.087,2.344,37.918,34.552,38.989,33.353,76.821,23.178,47.126,24.183,0.158,
447,gold-2,8,f54d5088a1e0482d9baa5b3b0e2ce846,0.478,32.928,0.06,9.5,37.499,304.7,0.751,59.095,5.261,75.219,1.704,37.913,28.949,26.643,40.517,74.21,25.789,44.979,20.358,0.158,
448,gold-2,8,15a1bd239f9a40189cc48e52d6b5578e,0.492,39.38,0.275,27,33.333,260.1,0.317,56.96,4.884,65.956,2.078,39.728,34.76,32.526,40.219,74.799,25.2,49.485,22.949,0.155,
449,gold-2,8,6b84af0abdb94f59b3f5e7585f455b2d,0.31,20,0.2,25,25,165.8,0.16,52.313,3.921,71.958,1.564,56.855,29.965,32.736,51.54,82.558,17.441,63.88,11.039,0.02,
450,gold-2,8,ab0cddb9998c4b579b2c91d0510cbfb9,0.504,47.333,0.146,6,41.666,223.1,0.375,55.73,3.6,67.946,1.569,35.84,33.08,29.42,38.815,74.989,25.01,49.013,18.763,0.077,
